Pubkey,IP,ASN,Organization,Country,City,Latitude,Longitude,Version
"GGX3BEoZDqjxcw4AbCdu62ZTMrkpSgmPt81oP2mVuZNS","37.187.82.58","AS16276","OVH SAS","France","Wattrelos","50.7012","3.21501","3.0.14"
"D1A4F2yh38JLQExKjDiCi4G2tCMwj93c3sikseSSePKe","91.134.54.64","AS16276","OVH SAS","France","Wattrelos","50.7012","3.21501","3.0.14"
"CEMtwyGhnx1VLmPBRZMA66qv6o8EDD19P66YTqP1hxZq","5.135.193.209","AS16276","OVH SAS","France","Strasbourg","48.5734","7.75211","3.0.14"
"32ke3uf1qL3xLqbwzU76T2sbG2XaJrGuSCNdUnien3zm","15.235.117.97","AS16276","OVH SAS","Canada","Montreal","45.5029","-73.5723","3.0.13"
"9UbU7oaVXX6t7bMthxzzGPnWumFNxoWqUwX3qsrxb4pp","72.251.3.176","AS16276","OVH SAS","Canada","Toronto","43.6532","-79.3832","3.0.14"
"8nbE53mcKhy74HLiGZ1q5HRocwiCvgh49csSaHSdtukr","57.128.187.43","AS16276","OVH SAS","United Kingdom","Erith","51.4808","0.174675","3.0.14"
"G2TBEh2ahNGS9tGnuBNyDduNjyfUtGhMcssgRb8b6KfH","57.129.36.148","AS16276","OVH SAS","Germany","Frankfurt am Main","50.1162","8.6693","3.0.14"
"3KiDz3wuZrJfsgKt5KEvRb1WPpbci1PWj78aPVF5ei3F","135.125.142.234","AS16276","OVH SAS","Germany","Limburg an der Lahn","50.3986","8.07958","3.0.14"
"9ppJrpsbbuGNjiMhhD52Ueco4KXUzVfrtNQ6tAcDab4f","162.19.43.140","AS16276","OVH SAS","France","Strasbourg","48.5734","7.75211","3.0.14"
"yJeahQNRHNWtL9Z1SqPX3SBwTYXr5ECMYYVK4uYVwxt","198.244.253.219","AS16276","OVH SAS","United Kingdom","London","51.5081","-0.1278","3.0.14"
"5VrW7YNBccVnhnZVmooCePdLFcs2UjfxRT3hoY9mN8Ec","54.38.148.109","AS16276","OVH SAS","United Kingdom","London","51.5081","-0.1278","3.0.14"
"5AsoSeQtLoN8eLsf3wKrR3LwxHME4sTBGR6dpTCP1k3H","148.113.187.125","AS16276","OVH SAS","Canada","Montreal","45.5029","-73.5723","3.0.14"
"8tjFeSApQ85ThoQXT28acfF2KUfQr3TvTdirSkzNnYC7","148.113.187.45","AS16276","OVH SAS","Canada","Montreal","45.5029","-73.5723","3.0.14"
"A9mvukTd77EbRoBX4ydSCFQHdu5bsRFkNXTTRstA8FAC","57.129.36.165","AS16276","OVH SAS","Germany","Frankfurt am Main","50.1162","8.6693","3.0.13"
"8j7RdaofeR9jaXWqYTubqooHpcajP7EfhWbR4UKUB4fF","57.128.189.215","AS16276","OVH SAS","United Kingdom","Erith","51.4808","0.174675","0.808.30014"
"2dxz129YxB1xtf7Mx6HUT5JspexArNNtQt84FYueWZV7","72.251.3.65","AS16276","OVH SAS","Canada","Toronto","43.6532","-79.3832","3.0.14"
"9PRr9k87HjjdLMRkxtxygidjxVta9VQ1kAsqgLBWXKdQ","148.113.224.185","AS16276","OVH SAS","Canada","Montreal","45.5029","-73.5723","0.808.30014"
"6JKwz43wDTgk5n8eNCJrtsnNtkDdKd1XUZAvB9WkiEQ4","72.251.3.228","AS16276","OVH SAS","Canada","Toronto","43.6532","-79.3832","3.0.13"
"4vcmYPfLztUckU3c3FvXDwSq8aDNDqwEpvEiqAv97LGJ","51.77.236.177","AS16276","OVH SAS","France","Gravelines","50.9871","2.12554","3.0.14"
"MARiKM3t7pDCyXtvLq24ErWDAvYu84yXqCthkR1GS33","57.128.210.101","AS16276","OVH SAS","Poland","Warsaw","52.2372","21.0123","3.0.10"
"4XspXDcJy3DWZsVdaXrt8pE1xhcLpXDKkhj9XyjmWWNy","91.134.83.82","AS16276","OVH SAS","France","Strasbourg","48.5734","7.75211","3.0.14"
"7qGNnXKW1e3DsqEaSxwxMdBTFsrK73XtWTmkGitRyMQc","162.19.222.23","AS16276","OVH SAS","Germany","Limburg an der Lahn","50.3986","8.07958","3.0.14"
"4DraK9wUrMSpzbGjUbSWTHAhJimMyB49HyKhvfwe6e51","57.129.144.69","AS16276","OVH SAS","United Kingdom","Bexley","51.4409","0.0985","3.0.14"
"6M53yM6dsE6hiaHgxWvYa4fsfzQTGyAZn7rM6JrzbqJV","51.89.11.197","AS16276","OVH SAS","Germany","Frankfurt am Main","50.1169","8.6837","3.0.14"
"idCE5k2BtTpwXdwAC7Var1enT9reut9fWECcxQP7LY7","15.235.232.142","AS16276","OVH SAS","Singapore","Singapore","1.27994","103.849","0.808.30014"
"7mF8NZJdREuM1uwYcvKffuY9QJBEoHhNp4hZ4NS2fuXW","51.89.11.213","AS16276","OVH SAS","Germany","Frankfurt am Main","50.1169","8.6837","3.0.14"
"ty9N9GQzMEfXwMJCUKEhqyyRRQPUN3kjQCYRsM3BNyP","51.89.25.153","AS16276","OVH SAS","Spain","Bilbao","43.2662","-2.9503","3.0.14"
"FCWkGAHDWK41ANjiaoPudkCZRkvTecaEkoZQugezUnpr","162.19.43.156","AS16276","OVH SAS","France","Strasbourg","48.5734","7.75211","3.0.14"
"4NwpynvugnHvyLzr5h9Y7mw44saGJXDNoBjm6wgMiYDr","162.19.222.235","AS16276","OVH SAS","Germany","Limburg an der Lahn","50.3986","8.07958","3.0.13"
"ark1hdnnfmusE24wGHkyVG1gdRCqfmXs9drasDAdABZ","135.125.160.253","AS16276","OVH SAS","Germany","Limburg an der Lahn","50.3986","8.07958","3.0.14"
"AoUwfPuiEek2thVRDhMP7HbQb9rguyab4rDiz2NAfwwA","148.113.199.188","AS16276","OVH SAS","Canada","Montreal","45.5029","-73.5723","3.1.8"
"F78pDneUQeaU8rXPvV6Cy4RockUJgokRhLqF9DLgzE76","51.75.32.24","AS16276","OVH SAS","Poland","Wroclaw","51.098","17.0321","3.0.14"
"2mDrrmhSzpSyaF12izGk8hnFjtKCGeCFPwQHpRiJDby2","57.129.53.176","AS16276","OVH SAS","Germany","Frankfurt am Main","50.1162","8.6693","3.0.14"
"SyndicAgdEphcy5xhAKZAomTYhcF8xhC7za2UD9xeug","198.244.253.130","AS16276","OVH SAS","United Kingdom","London","51.5081","-0.1278","3.0.14"
"DSRVdh9PQaqAcFtMCbJhyD4yMD5H2EeHNzdbqWctRY4E","15.235.231.135","AS16276","OVH SAS","Singapore","Singapore","1.27994","103.849","3.0.14"
"3YVoK8UN62dyiPZnGBzBTkGdwsVmmK1MpRoLcxNRs9BE","135.125.142.235","AS16276","OVH SAS","Germany","Limburg an der Lahn","50.3986","8.07958","3.0.14"
"HhivJPwxvaWnTtc8qs7GbGCWQssWcdwp5E6FMyrTyCfu","51.83.137.119","AS16276","OVH SAS","Poland","Wroclaw","51.098","17.0321","3.0.14"
"CayoBb3fx9gydP4Js4QT2msQyayTNtQiE3ZbTrgTiMei","51.38.92.202","AS16276","OVH SAS","United Kingdom","City of London","51.5113","-0.079212","3.0.14"
"GGCeF44abT313HCjjS3jsA4dL4JYfaLY2nVKeHycvCpJ","72.251.3.50","AS16276","OVH SAS","Canada","Toronto","43.6532","-79.3832","3.0.6"
"YtibB1XuFG2HBSWut6anzNXkJ8fiHUumMVk17TSbb4R","135.125.166.237","AS16276","OVH SAS","Germany","Limburg an der Lahn","50.3986","8.07958","3.0.14"
"AUJb7QpfKWZZAqrcFBxsmKRwfHaBvj8BcAes5uLaKbCj","5.135.193.159","AS16276","OVH SAS","France","Strasbourg","48.5734","7.75211","3.0.14"
"Pe2mDmnXTFUVHjcTBSjWcHPo4iBbLw3mnDKj5XxSG7n","51.38.76.207","AS16276","OVH SAS","United Kingdom","City of London","51.5113","-0.079212","3.0.14"
"DiGHJhNym3QGwqBykMadqmbWGYHAFBWxNmw3RaLoviP5","51.38.76.204","AS16276","OVH SAS","United Kingdom","City of London","51.5113","-0.079212","3.0.14"
"AFBHRGWn5t4Nt6g98o6W6qiAtWPcFiXbnApiZaFWr6Dd","57.129.83.27","AS16276","OVH SAS","Germany","Frankfurt am Main","50.1162","8.6693","3.0.14"
"D3rsQwNH8EJTmt3nsumAoTdPXEdsRKU5b9cWpz8rPsqg","51.222.162.203","AS16276","OVH SAS","Canada","Montreal","45.5029","-73.5724","3.0.14"
"2vDjxAeesnqXu3khnkHgPLYKS3rkeUoQa1a56E9wAyCL","57.129.87.151","AS16276","OVH SAS","Germany","Frankfurt am Main","50.1162","8.6693","3.0.14"
"8vLPM7MEy7CgzXKcqKZU8viXB8kfK2UKM4F9tdYdgiDi","5.135.126.174","AS16276","OVH SAS","France","Roubaix","50.6916","3.20151","3.0.14"
"F1v2exk6A3WSmxC6hMY3TjBXao3PkyqNUDYCb7S9s649","51.81.162.24","AS16276","OVH SAS","United States","Hillsboro","45.526","-122.9874","3.0.14"
"HWjiBhAxqLQtx4zHiQsrBRxgvRj1WPGWRbPG7tCTswwN","162.19.222.170","AS16276","OVH SAS","Germany","Limburg an der Lahn","50.3986","8.07958","3.0.14"
"5BqF6Lz9xa1psrejhrqagzdcsEfm8JhVegew8NeiEtnQ","54.36.227.238","AS16276","OVH SAS","United Kingdom","London","51.5081","-0.1278","3.0.14"
"74abyE5dtFSHJCMT8N2pG4VK3p2uMBi8TMQqyrxnN4G7","51.89.25.30","AS16276","OVH SAS","United Kingdom","London","51.5081","-0.1278","3.0.14"
"9KogTfggXe9HVCNLGtipHDAE6gvG89HCo3aLxYWXjAuJ","5.135.126.173","AS16276","OVH SAS","France","Roubaix","50.6916","3.20151","3.0.14"
"Bvsf3ByAt9cFWY4QkkmefBV9SFyMLB19uHsqYVZqGpux","5.135.116.69","AS16276","OVH SAS","France","Roubaix","50.6916","3.20151","3.0.14"
"Gcv4LGQpfcnMUTcNfpHW1Zibck4NeCAkMBp3uf6Nnvux","91.121.240.43","AS16276","OVH SAS","France","Strasbourg","48.5734","7.75211","3.0.14"
"7bMsnKsx3vL4ZDzvQTQxMyDHwydq42Cf9Z9C4QEFeH52","15.235.225.139","AS16276","OVH SAS","Singapore","Singapore","1.27994","103.849","3.0.14"
"6Xb5Vu5ivQvWafKEE4kvNqKhJSZpxzB2mgdoeCYE8uPa","5.135.174.19","AS16276","OVH SAS","France","Strasbourg","48.5734","7.75211","3.0.14"
"GkJjXRdqswg2aYUgJ3W4uE525aqoftdnv8JK6mBEB5fi","57.128.146.12","AS16276","OVH SAS","United Kingdom","City of London","51.5113","-0.079212","3.0.14"
"CB5NTPpGECA2z8C33VJmM4xLQv999EdMW9Xqv91MDp5x","15.204.241.62","AS16276","OVH SAS","United States","Reston","38.9609","-77.3429","3.0.14"
"9d6gJsdRBaC8uo1nZ1ATyfZ7ChLn28KjYwYaET8kmQLT","51.81.26.34","AS16276","OVH SAS","United States","Paris","38.2098","-84.253","3.0.14"
"GrLneucToXwsKvBz3Q42D1QVEoFxYQCPMW4d1qVvLwDb","51.75.32.14","AS16276","OVH SAS","Poland","Wroclaw","51.098","17.0321","3.0.14"
"FNgtTcoXNaNger7wwijnZYxFnAQ1G7wy9G4JyM6YChHV","51.195.128.243","AS16276","OVH SAS","United Kingdom","City of London","51.5113","-0.079212","3.0.14"
"3SSfq2DUVFcc8JAi9ZkecEESiqcbh8hmTSJJjHBzstFt","51.222.162.23","AS16276","OVH SAS","Canada","Montreal","45.5029","-73.5724","3.0.14"
"4wqcrY6T1e8SQ8x5RMmparNagzxFZtsGfYbz4nxHn3Zc","51.222.162.50","AS16276","OVH SAS","Canada","Montreal","45.5029","-73.5724","3.0.14"
"H24qDm3ADzS5pXwSQbcRFevna7SLfPZhD22PTg2sy3BQ","51.68.133.51","AS16276","OVH SAS","Poland","Wroclaw","51.098","17.0321","3.0.14"
"29extQJtNwixg7cTsXL5ipyqPPzbgbgwPeZP2R51S7Db","15.204.36.195","AS16276","OVH SAS","United States","Hillsboro","45.5397","-122.9638","3.0.14"
"HcukKamLSpiFrpPPWxsa1a1XaNWVGEDqYV7r7CA47jc9","51.77.102.103","AS16276","OVH SAS","United Kingdom","City of London","51.5113","-0.079212","3.0.14"
"6dTrETEuMZTpUNQJ7TT1FRxPc5BSTPAofwZ5zCQsbMu6","15.235.219.252","AS16276","OVH SAS","Singapore","Singapore","1.27994","103.849","3.0.12"
"9u5KanGp2rM3zpYbeASMGHw7q5EAAvtvJqBcD8PGwDKa","91.134.31.25","AS16276","OVH SAS","France","Gravelines","50.9871","2.12554","3.0.14"
"7gLUBMqQnWcFwDAbM6M1UnJShqGm3bJvjQzPuXRAzjYJ","15.204.20.250","AS16276","OVH SAS","United States","Hillsboro","45.5397","-122.9638","3.0.14"
"8dMvrPr3bAKNt6rctsdWu9Jkw9E6fKR6Vq9GfPRNbTjD","5.135.194.218","AS16276","OVH SAS","France","Strasbourg","48.5734","7.75211","3.0.14"
"2kwh7v4eSRy2ERyR6dAYonrGpDEhUpcWvKwPtoNqe1m3","40.160.13.140","AS16276","OVH SAS","United States","Reston","38.958","-77.3592","3.0.14"
"5sKCRBKxZG8e81x6f8gGpCAtS5c7EVh71y34jeXuEvJA","178.32.184.117","AS16276","OVH SAS","France","Roubaix","50.6916","3.20151","3.0.14"
"AG12hRYA7bWsna7RkKVTdY5oNXPHXk1c5MerEoeKBmAL","51.222.160.136","AS16276","OVH SAS","Canada","Montreal","45.5029","-73.5724","3.0.14"
"GpUTk73YApyQpUoQTgP4L53zP9DQdV8dnJnGP9nPDQX8","51.68.149.246","AS16276","OVH SAS","Poland","Wroclaw","51.098","17.0321","3.0.14"
"Cs1afR38EdJUq7UCe3NegGTta1q5DwEWf6TKr3rpbQxR","51.89.25.70","AS16276","OVH SAS","United Kingdom","London","51.5081","-0.1278","3.0.14"
"FjeT8dCU287TkVogaT3GJzi3g3dADvs28dhLFwa36qyp","51.81.39.61","AS16276","OVH SAS","United States","Paris","38.2098","-84.253","3.0.14"
"GrqpuxYr9pwVsZ5rAL6tQTBK4xg3YotoPZvSyizCzBRt","51.77.35.89","AS16276","OVH SAS","Poland","Warsaw","52.2299","21.0093","3.0.14"
"6kwH8sS8jLqT5NVa1iwiU7t9Hq93aawMTqaeJx52fDdr","5.135.194.217","AS16276","OVH SAS","France","Strasbourg","48.5734","7.75211","3.0.14"
"6QUdcbyWAcYMQ6oi8E9hakW7uUBtAxvYEFiLWEqSPmeo","51.222.167.153","AS16276","OVH SAS","Canada","Montreal","45.5029","-73.5724","3.0.14"
"FQG3fodSjE16s5z7fb5fHsWjmWqJ3aEn6epyS8vgevP8","54.38.48.191","AS16276","OVH SAS","Poland","Warsaw","52.2299","21.0093","3.0.14"
"9Dp9T1Ln2YWjQC2N74cXpdzdfvNPofesK5z3zgmTPCza","51.81.39.158","AS16276","OVH SAS","United States","Paris","38.2098","-84.253","3.0.14"
"685vpvkz79ZEWTKPQnxWej55JBUnmyax8PdZFEF9VSG","5.135.193.156","AS16276","OVH SAS","France","Strasbourg","48.5734","7.75211","3.0.14"
"CZBaVS8Y25ZbVgKpw2ehuHveHbvrocZteqn9CUJN9Jrt","141.95.98.47","AS16276","OVH SAS","Germany","Limburg an der Lahn","50.3986","8.07958","3.0.12"
"5dEeJAmFaiCrgFPY222fZQVuvprM8rpRp9VJb5gVSMnb","5.135.173.86","AS16276","OVH SAS","France","Roubaix","50.6916","3.20151","3.0.14"
"F2gT9aVcRiN81bKBDiobwmmnw4bgDaTqiZymigrcBpuR","51.195.26.45","AS16276","OVH SAS","Germany","Limburg an der Lahn","50.3986","8.07958","3.0.14"
"5kAoFsqamL7nCRxZ1L5JUQQyfa1wFMn4ykvVdPSXJvX9","162.19.103.100","AS16276","OVH SAS","France","Strasbourg","48.5734","7.75211","3.1.7"
"FiPM9nA5Rst8g2PqnbDHMDhwFqzRQ8wxGptJD7w1Y52u","57.129.54.10","AS16276","OVH SAS","Germany","Frankfurt am Main","50.1162","8.6693","3.0.14"
"qp23qtckvckPQBs8aSJjJ8mjrAsMYxg2TThdiKJRYHS","57.129.36.237","AS16276","OVH SAS","Germany","Frankfurt am Main","50.1162","8.6693","3.0.14"
"BTgFWrYo1o4s5tWEyd9bnjgdkuppJBUz6Z1N37jY5KPv","72.251.11.24","AS16276","OVH SAS","Canada","Toronto","43.6532","-79.3832","0.808.30014"
"Co5weNKTqHxrtUFNE7eB3kiLcoKzPy6sNKoRPJgBnfnN","5.135.171.255","AS16276","OVH SAS","France","Strasbourg","48.5734","7.75211","3.0.14"
"12a6SXr4jM6uZ3QtBBR7ejhK8jbaHv8d3GQtfpK5TF1M","51.81.190.0","AS16276","OVH SAS","United States","Hillsboro","45.526","-122.9874","3.0.14"
"4NJeN8VJbHaXuj3V1yUQFXSUE7a7FUs7vRm8rzwXmpcT","57.129.64.1","AS16276","OVH SAS","Germany","Frankfurt am Main","50.1162","8.6693","3.0.14"
"4AxaSCd5npxo6TqSm9epJJHfZJBzLayP1JTftEtP4ABs","176.31.67.93","AS16276","OVH SAS","France","Strasbourg","48.5734","7.75211","3.0.14"
"9RBbDjvgoUwvHpWSDWCpwmdP1ACzXBqBorTKvTtGJ5Lm","51.89.24.67","AS16276","OVH SAS","Germany","Frankfurt am Main","50.1169","8.6837","3.0.14"
"HYUPqkj5R4zn4RFWJB56Gb9rc1HkeauVMt7QfRwUdTje","51.81.28.195","AS16276","OVH SAS","United States","Paris","38.2098","-84.253","3.0.14"
"96GvpwsuHgQTsbfKBdPPzjwDpckdH62RSrn1mVDFMGng","141.95.48.148","AS16276","OVH SAS","Germany","Limburg an der Lahn","50.3986","8.07958","3.0.14"
"2hRdRgKTtiDaqC6hEv4nTWFazf815yBZx9kMHTXMDEtW","51.81.27.87","AS16276","OVH SAS","United States","Paris","38.2098","-84.253","3.0.14"
"6CmNMpH8ttttSazuYhmo7Qon3hU5vGbUhu1zJKERjxvh","162.19.167.139","AS16276","OVH SAS","Germany","Limburg an der Lahn","50.3986","8.07958","3.0.14"
"CQhA6HQDprsRAi2kNVXLNtmhGzjMHQVubPjjZgGJAcNx","51.81.214.68","AS16276","OVH SAS","United States","Hillsboro","45.526","-122.9874","3.0.14"
"9gpVxp8cji4tjknPm8sdmPwnG9iHjtWZxCciFKm2bu4d","5.135.193.217","AS16276","OVH SAS","France","Strasbourg","48.5734","7.75211","3.0.14"
"FAe3mPn6HPCtyvazqaLLPz8UQKYGtbvHd8FtisGm8zJ4","51.38.67.30","AS16276","OVH SAS","United Kingdom","City of London","51.5113","-0.079212","3.0.14"
"6vQgUS2VzCrtLftDKdksegdeHr7qwe1BxjUHL1QmZPrh","54.37.90.196","AS16276","OVH SAS","Germany","Limburg an der Lahn","50.3986","8.07958","3.0.14"
"4Fszx4HNvUUjq5a6tFX4bsiFiTwPszdU3xSfo7cEcwy7","51.81.39.156","AS16276","OVH SAS","United States","Paris","38.2098","-84.253","3.0.14"
"8WVPt5Y9RntrMZs1qJJDgtmkC3LYoBp3Sf4zcS1MJg9C","198.244.253.218","AS16276","OVH SAS","United Kingdom","London","51.5081","-0.1278","3.0.12"
"EX1oqSeieN1m62WqAAiVXAZRd54HH7DrzCWfXfVPw2SP","141.94.3.13","AS16276","OVH SAS","France","Wattrelos","50.7012","3.21501","3.0.14"
"ZVz4hAWNiSDrqsw9dbMeeER7RQAHEzq2v7cA8Rw4o2a","51.38.92.203","AS16276","OVH SAS","United Kingdom","City of London","51.5113","-0.079212","3.0.14"
"3UsN5HgPdzgsbJimYvgHsFaKVPKpsQbgNf8jQTYxCNoc","51.81.206.202","AS16276","OVH SAS","United States","Hillsboro","45.526","-122.9874","3.0.14"
"GSPb1MnPxLTHJZsefBSqeomaT2B8Unk9gu1GYDR1R7fX","51.77.35.90","AS16276","OVH SAS","Poland","Warsaw","52.2299","21.0093","3.0.14"
"EpXegauVJ65MTDQ5cPNJvQeXGqPeGHqj4vVrsywDKQJZ","51.81.42.228","AS16276","OVH SAS","United States","Paris","38.2098","-84.253","3.0.14"
"2CGXZhUHUWVg4PE9hygWbygfVw64c7Nn71kS1DFVqYsu","51.81.149.101","AS16276","OVH SAS","United States","Hillsboro","45.526","-122.9874","3.0.14"
"BGHN4RkJT8YYtyNLACbo2Q9VX6daSKKMrXcyt4rVHTew","137.74.50.3","AS16276","OVH SAS","France","Roubaix","50.6916","3.20151","3.0.14"
"GWFqgfBTUKLHq2QHYa3KD7Z7y1JA7c94VcdmebJq3GhM","51.81.207.2","AS16276","OVH SAS","United States","Hillsboro","45.526","-122.9874","3.0.14"
"86K3E9PqDLxJZAp66AxPtQpPVLP4Yr1WZKgEZpkJhy36","5.135.193.210","AS16276","OVH SAS","France","Strasbourg","48.5734","7.75211","3.0.14"
"Duj1qTLtT3QXYL5FcNs1wv14svxHrPiNv9SDwBCZdvCg","51.81.195.95","AS16276","OVH SAS","United States","Hillsboro","45.526","-122.9874","3.0.14"
"GZaU6EQG52bmyX3Vce4QE54HU7vBEgbyjvcrPgNxTTkF","15.204.241.66","AS16276","OVH SAS","United States","Reston","38.9609","-77.3429","3.0.14"
"CPvJ8xRX6Pv4W8eh5shDNwRxkq75YrsbyYRc71mCXKnk","57.129.36.153","AS16276","OVH SAS","Germany","Frankfurt am Main","50.1162","8.6693","0.804.30008"
"E2JqcWpesTqnELgWnPazaAYxhNBH8c5hsfYG3gAX37MG","51.83.231.158","AS16276","OVH SAS","Poland","Wroclaw","51.098","17.0321","3.0.14"
"HmgvejzWX7v2gKqEgqcFhip7h4WFZxK7AmJBWyhW1SVB","15.235.228.134","AS16276","OVH SAS","Singapore","Singapore","1.27994","103.849","3.0.10"
"D2fjWRzGi3Z8Tb5zwoizZY6ti2qj2G5FZ9LchSBdtXoA","148.113.211.35","AS16276","OVH SAS","Canada","Montreal","45.5029","-73.5723","3.0.10"
"BNEua7sQmyTdFXQAKoEe7QX2HQ9WgyQ9To4ae7BmtDhr","51.81.30.21","AS16276","OVH SAS","United States","Paris","38.2098","-84.253","3.0.14"
"EVYVvHUzyGqV5Q3BXezWwA7evTcQCQbqeJyUHkyS42Dd","15.204.3.173","AS16276","OVH SAS","United States","Hillsboro","45.5397","-122.9638","3.0.14"
"6DwbZpc779mjA2DFJDySE6jSHtFcebvwjRMrWMtWPvNU","5.135.168.160","AS16276","OVH SAS","France","Strasbourg","48.5734","7.75211","3.0.14"
"3RX6JkQNnUj9o4mSdW1BD4pU5wQ15vxibeJwgFmFG62R","5.135.193.219","AS16276","OVH SAS","France","Strasbourg","48.5734","7.75211","3.0.14"
"3zwtUmUUea1YierjxNH3hw8Xi2HwUCVYQqrx97UguywZ","40.160.29.253","AS16276","OVH SAS","United States","Reston","38.958","-77.3592","3.0.14"
"6iGsHYBy9UKHNKRkadePXFeiqjyKzubpygNZvUdUHpyP","37.187.82.59","AS16276","OVH SAS","France","Wattrelos","50.7012","3.21501","3.0.8"
"ARa2ngNBPrtDHFhSTKtP1yjMKp91qdtsVv4GnPL5BGNt","51.89.25.68","AS16276","OVH SAS","United Kingdom","London","51.5081","-0.1278","3.0.14"
"5viXTUxX2MBgFFaTXvaebKi26CJhwvpZQbNzM4AMZGtz","54.37.114.161","AS16276","OVH SAS","France","Strasbourg","48.5734","7.75211","3.0.14"
"2tKPaFZE7Xb5GDHz5StYuTkNAUSvpxwxYRHn8V9gS93Z","51.222.169.196","AS16276","OVH SAS","Canada","Montreal","45.5029","-73.5724","3.0.14"
"AoqM6fYE9auadG5GyNahae3wFxaYE49VUqVR7WfQTNVW","5.135.171.184","AS16276","OVH SAS","France","Roubaix","50.6916","3.20151","3.0.14"
"Fgq64joFcndcZajHeTTcdiz4NxMKpVm8atemv5M1ygGi","51.222.146.246","AS16276","OVH SAS","Canada","Montreal","45.5029","-73.5724","3.0.14"
"Zt3R7FXeJiVvEmp2qeKT4vq4pCZx96wu9L4udepFq82","145.239.203.31","AS16276","OVH SAS","United Kingdom","City of London","51.5113","-0.079212","3.0.14"
"9ETFAVtzLfvKue3Ub7QKQRvwTdwE4yGvXZghdLZZTTwu","51.81.25.246","AS16276","OVH SAS","United States","Paris","38.2098","-84.253","3.0.14"
"8C3yGh7e7KB1EWPf67JNLtaEm85udRK8aRsi3DEfs6W3","213.32.63.25","AS16276","OVH SAS","France","Roubaix","50.6916","3.20151","3.0.14"
"F6yAMfDKHWaE37xHQprcpf3nUxXLXEuHSkUob8pikKfG","51.68.222.127","AS16276","OVH SAS","United Kingdom","City of London","51.5113","-0.079212","3.0.14"
"GsF5AUL1qX9ehxxkTt4DDCSBuWMNjZnDC119tKLi7nd8","198.244.135.120","AS16276","OVH SAS","United Kingdom","London","51.5081","-0.1278","3.0.14"
"6QE1oStWDgKZCatRFAbVanZnMtue6JoJXt7kbBxWvWsc","51.81.149.179","AS16276","OVH SAS","United States","Hillsboro","45.526","-122.9874","3.0.14"
"GgQQ8SwjoWB357ThhV9SuJDbMKXANkJQbS6i8C7su9QJ","5.135.243.148","AS16276","OVH SAS","France","Roubaix","50.6916","3.20151","3.0.14"
"FvTBeP9uuN6prsv5XZ7wkvJZ6R1Cy3Hv4bwYQ9LzTLtE","15.204.101.2","AS16276","OVH SAS","United States","Hillsboro","45.5397","-122.9638","3.0.0"
"7VYB1dULgGijtS4v46cC2XmcnUjdETrDpWkwgvqauaYf","198.244.253.89","AS16276","OVH SAS","United Kingdom","London","51.5081","-0.1278","3.0.14"
"FCFSam2wSGmktrYDqssGrJg9oofNRZ4YfLeNJ71Spf7S","51.222.171.78","AS16276","OVH SAS","Canada","Montreal","45.5029","-73.5724","3.0.14"
"8uzkbgQCzmtYzbw9XmEnVprnP4ijurwhv53BT7e4LdWn","51.81.171.2","AS16276","OVH SAS","United States","Hillsboro","45.526","-122.9874","3.0.14"
"7Zn6myUj6tk8Mb4ZEj77CxysZtYpLirUhQtUhB6GRW3S","51.68.149.244","AS16276","OVH SAS","Poland","Wroclaw","51.098","17.0321","3.0.14"
"AiEZng9WQFdJiAQZ9kgwiPsmWn92ofbQVgDA7akfFSAF","51.81.182.205","AS16276","OVH SAS","United States","Hillsboro","45.526","-122.9874","3.0.14"
"2txhmspnnqeV1bLm8QyKjoTE3JFyyPgu1g8AaPxgExCu","51.81.38.16","AS16276","OVH SAS","United States","Paris","38.2098","-84.253","3.0.14"
"GmyZjVszmtxr7Djf6e3xU7coZssrXJvmbiiDrQ653XKg","51.89.19.255","AS16276","OVH SAS","United Kingdom","London","51.5081","-0.1278","3.0.14"
"AJ4A7NZmECvvjuPC5Yj5yW4GJbudkAqfapepWE5U19fE","51.89.161.224","AS16276","OVH SAS","United Kingdom","London","51.5081","-0.1278","3.0.14"
"4x5izwEuEAnvCMzBts5uRBSxqvex4nKgMWEzTnUCRdjN","51.81.30.23","AS16276","OVH SAS","United States","Paris","38.2098","-84.253","3.0.14"
"3C7JmDTWUiqZAZ75bzSya5dKu7FGuqnZc4HUf41MwMQa","51.81.140.24","AS16276","OVH SAS","United States","Hillsboro","45.526","-122.9874","3.0.14"
"8V9ETjpA3nqMZhFxhiPi1EEe7HujHp1ZJEzB5tDMgFbL","51.222.146.137","AS16276","OVH SAS","Canada","Montreal","45.5029","-73.5724","3.0.14"
"DBkx1stmkXF2WQDMwZ6AeeHYfuKd35GpnnULgeQUPJvW","15.235.231.52","AS16276","OVH SAS","Singapore","Singapore","1.27994","103.849","0.808.30014"
"FPFnDUtnNaiSvbqjR7JNj1ga3QBGdfYmmZqAMZzghj5s","51.195.124.111","AS16276","OVH SAS","France","Paris","48.8566","2.35222","3.0.14"
"GjjK66DGqN8BmWXgFTszR6R1XX2ka1uR1nQf9AtjgcB2","51.68.135.201","AS16276","OVH SAS","Poland","Wroclaw","51.098","17.0321","3.0.14"
"2c4n3tFXjoMD9HSnEBBjC427uccerZChP7ikccRWWrJL","178.32.184.119","AS16276","OVH SAS","France","Roubaix","50.6916","3.20151","3.0.14"
"BdGkzPyYo9CsTse9ZUfDKCxLjXM2MsB2N5XqrgZnMEBY","51.38.146.232","AS16276","OVH SAS","Poland","Wroclaw","51.098","17.0321","3.0.14"
"FfadrMhTkKoMPhVeFP47pa6E2J2Aqi97SeFPJ2TrmPgE","51.81.229.149","AS16276","OVH SAS","United States","Hillsboro","45.526","-122.9874","3.0.14"
"7KSBpGm7uKbrirnjfARSj5pjQkxap4dN9q4EqFCNRjJT","15.204.101.1","AS16276","OVH SAS","United States","Hillsboro","45.5397","-122.9638","3.0.14"
"2E4VCEU1Mnei29A4kQUsZUitLfVC1qSGzecBXKFptVGV","51.222.160.137","AS16276","OVH SAS","Canada","Montreal","45.5029","-73.5724","3.0.14"
"AjMhrzNkmHaTB22vMi7pgd5uUWrb2QNApmJfK37oAsQE","51.195.128.241","AS16276","OVH SAS","United Kingdom","City of London","51.5113","-0.079212","3.0.14"
"GgRKE9KSZNw3j9hN9mZTmZQkPVX42NfJ1fLJrvGrFLvH","51.81.38.18","AS16276","OVH SAS","United States","Paris","38.2098","-84.253","3.0.14"
"75mvpY5iLWEv5pPovYPHjMoSnAvNnLXu3wt9aRaAKzDt","51.222.162.252","AS16276","OVH SAS","Canada","Montreal","45.5029","-73.5724","3.0.14"
"25BjV1TR3FbJ2JugHNRgM1PS6xgC5WMjg2ZzASGoaEWw","162.19.43.141","AS16276","OVH SAS","France","Strasbourg","48.5734","7.75211","3.0.9"
"64C1ogwiC56Bdrh83GtUMTdZb6yoncpapBVQiBwA9Grr","178.33.122.121","AS16276","OVH SAS","France","Roubaix","50.6924","3.20113","3.0.8"
"7KTtvNi1XNDrdxELTQS3G1SZ8W7vDRMtemS5v8x7juDk","51.222.162.201","AS16276","OVH SAS","Canada","Montreal","45.5029","-73.5724","3.0.14"
"FDCoTJJcTmVDN9MMZBqXP9o4EpfZD4qnq6a4vf8wyZR7","51.89.15.48","AS16276","OVH SAS","United Kingdom","London","51.5081","-0.1278","3.0.14"
"GQJ8XET7PhuoAuCAVchNPwteg6y4etQ3KhPd1sVrnZgm","51.195.124.109","AS16276","OVH SAS","France","Paris","48.8566","2.35222","3.0.14"
"EFNUMqK1eHYfjrUnHiyDV33XEKnWMsdbveW1f6Jjxs6r","51.81.42.229","AS16276","OVH SAS","United States","Paris","38.2098","-84.253","3.0.14"
"DJZBgqpZzqM1eBtEZarxET1ZDKvwuWtarVobWo33Ncm4","57.129.84.190","AS16276","OVH SAS","Germany","Frankfurt am Main","50.1162","8.6693","3.0.14"
"2ppvLzVjikqswcTBV4eDJe9KfkP9zoD8mT5cG71MHs4C","40.160.12.229","AS16276","OVH SAS","United States","Reston","38.958","-77.3592","3.0.8"
"4P7FiqGqhppefiBHry33wZscXZyomyjGz356FdHXp2br","57.129.90.120","AS16276","OVH SAS","Germany","Frankfurt am Main","50.1162","8.6693","3.0.14"
"231GDL4ZwqD5WBq7od4YKfkvopQ6t4izsQ5bhw4XxYRB","54.36.184.235","AS16276","OVH SAS","Poland","Wroclaw","51.098","17.0321","3.0.14"
"sKW58jhhwyXd16phZFfsUfwrNEGDfiERnofzWm6QfKg","5.135.171.254","AS16276","OVH SAS","France","Strasbourg","48.5734","7.75211","3.0.14"
"2HVwrysExBFX2sZ5mCsBf1FJGDbH8SjyWpT8Jt1qJ9hg","51.89.24.65","AS16276","OVH SAS","Germany","Frankfurt am Main","50.1169","8.6837","3.0.14"
"9rmQmy2sDctMz6bKG4mW8EZKin5ef2RMLnhQ4UYtBLbw","51.83.137.117","AS16276","OVH SAS","Poland","Wroclaw","51.098","17.0321","3.0.14"
"4w3Pz7xojbpzzHM2PErX3gzEQEDfeJMK6q57JE6bo158","51.81.25.226","AS16276","OVH SAS","United States","Paris","38.2098","-84.253","3.0.14"
"2BGggqBLzSNuuRvduVi93VYLStc3TzmCMXFRVEgJp2kx","57.129.144.84","AS16276","OVH SAS","United Kingdom","Bexley","51.4409","0.0985","3.0.14"
"EhTeVbD9wCQpBzXt1VgC8UwVpQdQs3dAxu5UxvcGGidT","198.244.135.122","AS16276","OVH SAS","United Kingdom","London","51.5081","-0.1278","3.0.14"
"EdsAHQgJBtK42GL3rK8Mbk43QmFnBLyjZ7ePgKohcR4x","51.81.42.234","AS16276","OVH SAS","United States","Paris","38.2098","-84.253","3.0.14"
"6zFc8nFtyH8xkcpeb6sxYvKjDGFr7bRj7n7vNSYaidq8","162.19.167.138","AS16276","OVH SAS","Germany","Limburg an der Lahn","50.3986","8.07958","3.0.14"
"87Lyej1UgJEbyyFKTmeZrFBv83WrC2oacZNgbFbXdja","51.222.162.254","AS16276","OVH SAS","Canada","Montreal","45.5029","-73.5724","3.0.14"
"6u6qoRRi6k1BjT12VADdcELudatttQiTKkV4spC1NMSB","51.195.128.240","AS16276","OVH SAS","United Kingdom","City of London","51.5113","-0.079212","3.0.14"
"8nthX5KmiGSySj1ZdtdZ2Tpm8VnfwJZU7tNoReLQt9Vd","5.135.174.159","AS16276","OVH SAS","France","Strasbourg","48.5734","7.75211","3.0.14"
"3xxNJw4hxH1r6FPWLPLUWCuCewMM5qCYatBgCkHU5nWP","137.74.50.2","AS16276","OVH SAS","France","Roubaix","50.6916","3.20151","3.0.14"
"HxhFHyTMoYtbkXHq9VPskm9kFXAvWr1axgTDcELoH9Xk","51.222.146.136","AS16276","OVH SAS","Canada","Montreal","45.5029","-73.5724","3.0.14"
"3G4q5yD3aWLWx5C77i9e6x7FVQkwon7kQ3Ri39Lf7Avi","135.125.160.21","AS16276","OVH SAS","Germany","Limburg an der Lahn","50.3986","8.07958","3.0.14"
"odEmmhYWnR1vDe5uimZYz1DHabKwPmPX4LDZZqXGjL5","178.32.184.118","AS16276","OVH SAS","France","Roubaix","50.6916","3.20151","3.0.14"
"2bzeNiJg42k6j7HTfo1Uw6KZmAHq7gumL8j8Qu2umAGf","15.235.226.75","AS16276","OVH SAS","Singapore","Singapore","1.27994","103.849","3.0.14"
"A7ehG5bPLtJWQbCFoqRJrjpFsVeEybZWkEoJk2fGbXfh","51.81.25.224","AS16276","OVH SAS","United States","Paris","38.2098","-84.253","3.0.14"
"F7yqBU9exqJxuu9KJfAH9TvE1TTiKZwbELmH4qzTnXkW","57.129.87.140","AS16276","OVH SAS","Germany","Frankfurt am Main","50.1162","8.6693","2.2.16"
"31tGs1FEyq4JPjKWYPEbqiomxFCCRqf2LJNRe97HGLMc","51.89.24.66","AS16276","OVH SAS","Germany","Frankfurt am Main","50.1169","8.6837","3.0.14"
"9yd3WBpkjWxEf5dgL19u96kFCcFSoNzKJzp97P9dpQ24","51.81.26.47","AS16276","OVH SAS","United States","Paris","38.2098","-84.253","3.0.14"
"EUrKH5UvZgKv7gHzvs5o8GDR78KW5ohL4XUs8t8fn74q","51.255.148.98","AS16276","OVH SAS","France","Strasbourg","48.5734","7.75211","3.0.14"
"HbvLyQXu44FiN5QjMsCbXQiYCw4Brxz6LHvnXPJHXyyA","5.135.172.136","AS16276","OVH SAS","France","Strasbourg","48.5734","7.75211","3.0.14"
"GjmKw4xWfj9YPujfMMyApyAKm7YhmZk5CbS23HDsBhyX","5.135.168.163","AS16276","OVH SAS","France","Strasbourg","48.5734","7.75211","3.0.14"
"BVN7cj1GV5mZYDk7svycpBsYAuctrSy1dFHbAanrRa43","5.135.174.16","AS16276","OVH SAS","France","Strasbourg","48.5734","7.75211","3.0.14"
"EYRTUNuTECYibuThgkSz9f3SZmWvmzxXqPjK4rDHHWAC","57.128.187.12","AS16276","OVH SAS","United Kingdom","Erith","51.4808","0.174675","3.0.14"
"3myrxtfm9HNqDMJct1UojMd5jkiDY7rhjgB8Ux15XA1N","51.75.164.182","AS16276","OVH SAS","United Kingdom","City of London","51.5113","-0.079212","3.0.14"
"BbRinuc3pWM7wJUgUR74jPvQpctsz4uSG2rcVx8xCYjd","145.239.161.197","AS16276","OVH SAS","France","Wattrelos","50.7012","3.21501","3.0.14"
"EegNwK6px3Freuuuh2k3dtBZhzuvTVDooy2kpz6KQmdZ","40.160.23.152","AS16276","OVH SAS","United States","Reston","38.958","-77.3592","3.0.9"
"A5xvt4SLohczatm2KL7sLNr6gw27oAuwGF7gzdo14UEt","51.89.17.31","AS16276","OVH SAS","United Kingdom","London","51.5081","-0.1278","3.0.14"
"C9EvArPytNyP9YvNJkwBbDVrRSjt56Kt2cpx2NsnnweF","176.31.30.23","AS16276","OVH SAS","France","Roubaix","50.6916","3.20151","3.0.14"
"By39VLkTuP93R6euXiNosQdbcYqAWGhDvewiDsqUaWPB","51.81.42.233","AS16276","OVH SAS","United States","Paris","38.2098","-84.253","3.0.14"
"E85JeYCsR9HMvGYo2NZeLLFEtbFJ49cR42X7nUkfH1pa","51.89.106.37","AS16276","OVH SAS","United Kingdom","London","51.5081","-0.1278","3.0.14"
"Rhj2TLgqcGZHWNkJF7WSdG7V1ozL9Gh3sn5Vd7KzkWr","54.36.184.234","AS16276","OVH SAS","Poland","Wroclaw","51.098","17.0321","3.0.14"
"2YurNubBDP436Lqrc4j5u1XA1sWMMA5Uc4zaLaMnxkcv","145.239.203.30","AS16276","OVH SAS","United Kingdom","City of London","51.5113","-0.079212","3.0.14"
"4vZFBpQdBM8fcicqcLKA4dCnmnUU52g3zhTqyFNexb7D","51.222.167.240","AS16276","OVH SAS","Canada","Montreal","45.5029","-73.5724","3.0.14"
"9FQJ7eGNbZRRgT28gxobmLBcCqaMpoNSCv1T8xghcK7x","5.135.119.114","AS16276","OVH SAS","France","Roubaix","50.6916","3.20151","3.0.14"
"5xfZqB8LxBYz4RpakFKexProyMFJW98X2kkBjKhG2bgg","5.135.196.159","AS16276","OVH SAS","France","Strasbourg","48.5734","7.75211","3.0.14"
"D8fCNB37wuqAVRrwiVmtniVuCejjKqWe4TpMqaiBobNJ","5.135.243.149","AS16276","OVH SAS","France","Roubaix","50.6916","3.20151","3.0.14"
"4asb7eVpwGdtMPMokjhYAMrUaKSYUgrwn8WHLHWb24QX","51.178.97.48","AS16276","OVH SAS","France","Gravelines","50.9871","2.12554","3.0.14"
"8o4n7Gja7qEfbPTEKMrXcyyEFNvK2NEZ2vdBBv9UFHnn","5.135.173.84","AS16276","OVH SAS","France","Roubaix","50.6916","3.20151","3.0.14"
"8uWe4pym7TRMWTa7RG2dVhLCa4v4Q7wvJQ4XmwVxzcNk","51.81.190.1","AS16276","OVH SAS","United States","Hillsboro","45.526","-122.9874","3.0.14"
"9NxsVdkDBxipVFD3jLGTb2GvZxxDaFzhxLNZMtLg3UVh","5.135.171.186","AS16276","OVH SAS","France","Roubaix","50.6916","3.20151","3.0.14"
"CEt6i8t5gVPeXEZ2fgYfrc7KovCWaaUXHc1291GuAkX7","51.222.169.198","AS16276","OVH SAS","Canada","Montreal","45.5029","-73.5724","3.0.14"
"7nWSFK99YnjHdegHGkNfwqKdhWxAjXoPGDw1Xun59573","51.89.25.152","AS16276","OVH SAS","Spain","Bilbao","43.2662","-2.9503","3.0.14"
"Hyxa8tBvPAfMku9EnES5N8yjj9g9SDcb41aG7nB3MnKt","5.135.193.195","AS16276","OVH SAS","France","Strasbourg","48.5734","7.75211","3.0.14"
"4Lq1d72tmE1uwma8ZkRgvkRrcXDgx4XqwJuJkEXENkRi","51.81.30.22","AS16276","OVH SAS","United States","Paris","38.2098","-84.253","3.0.14"
"BU3bZHY2uyMcLwEst4v5F6A13iAWKqSn2kJeDzVcB3o7","54.37.140.71","AS16276","OVH SAS","Poland","Wroclaw","51.098","17.0321","3.0.14"
"6uxk7np4RbyrsLnGx1ceCDd54uLZy6J5oVLq3yoG1YQW","51.83.137.118","AS16276","OVH SAS","Poland","Wroclaw","51.098","17.0321","3.0.14"
"7x24PuXg4SyRXEGB3J8RBfbpnvL2zqioVcVTbkHMghV5","51.81.39.159","AS16276","OVH SAS","United States","Paris","38.2098","-84.253","3.0.14"
"HbcVw59vtrW2TDTxDBgZ4GzN3YoSrmhoFURvPnfr4P9f","51.81.38.19","AS16276","OVH SAS","United States","Paris","38.2098","-84.253","3.0.14"
"4gHLPycWp4YDbYrevDF3G65CQ9k4zaT66jkYJBWysLrW","51.75.164.181","AS16276","OVH SAS","United Kingdom","City of London","51.5113","-0.079212","3.0.14"
"BuxZQwkgKwmEFwdQPZMezettmqeZJZmGKE8wuGBtLtX1","57.129.36.231","AS16276","OVH SAS","Germany","Frankfurt am Main","50.1162","8.6693","3.0.14"
"4FuNMiRyvugLaqifmGgoewtir3cuwEbeWN9ayDAg448T","57.129.36.4","AS16276","OVH SAS","Germany","Frankfurt am Main","50.1162","8.6693","3.0.14"
"BEPWVoPtoUdEvvKvT7BZMjNxFvVapK3qEC1AeGM2B2mg","162.19.168.44","AS16276","OVH SAS","Germany","Limburg an der Lahn","50.3986","8.07958","3.0.12"
"73ituUwYUZnbUD7KScvL8LoYKXwpDymzgfMcSQEy88Za","51.38.95.155","AS16276","OVH SAS","United Kingdom","City of London","51.5113","-0.079212","3.0.14"
"Gr6kudxMNH8qtk5H5FYgWPcdNfsdhYVo3P17rWgnobQK","198.244.253.131","AS16276","OVH SAS","United Kingdom","London","51.5081","-0.1278","3.0.14"
"xc8PazuUX81m3vvgj2TAj35srL8f69FFZjjDPYhz8Zr","51.68.192.3","AS16276","OVH SAS","United Kingdom","City of London","51.5113","-0.079212","3.0.14"
"7Y4wjJso9jYvZwNks9jeBer5UKb7N3ZK9vuQqKtdQEhw","51.89.25.31","AS16276","OVH SAS","United Kingdom","London","51.5081","-0.1278","3.0.14"
"7c9DKBWVD7Z7caJL49M7TGRdDm4p49VJF3CmrqeUG3hD","54.38.48.188","AS16276","OVH SAS","Poland","Warsaw","52.2299","21.0093","3.0.14"
"A6JuS18BthF8RijNSzy2jue7E9WTirgVNm7QtNnZPyEC","72.251.3.187","AS16276","OVH SAS","Canada","Toronto","43.6532","-79.3832","3.1.7"
"CxFRF1ZoGb9PYTxSXeXnDMBvgkUqKScDBVdNkyheZ4oi","51.68.192.2","AS16276","OVH SAS","United Kingdom","City of London","51.5113","-0.079212","3.0.14"
"ay7FbqU1Mp7aZAAfNfg1GAwm8cgMuGF3Yn1m5dRSuV2","51.68.133.50","AS16276","OVH SAS","Poland","Wroclaw","51.098","17.0321","3.0.14"
"8V2snL8A3fRw5pKQTZ5eBSLZU4VyxdHMZ3j6D5mdTURf","51.81.182.83","AS16276","OVH SAS","United States","Hillsboro","45.526","-122.9874","3.0.14"
"2CHZBtvc44c9xQrSzWy6yZkTCGG2MNRpYn8iLaMP3Vwn","145.239.18.169","AS16276","OVH SAS","Poland","Wroclaw","51.098","17.0321","3.0.14"
"7fdsx2NZDaFft9KefuujJE1yTRtnYZd5kh6RECgpCoXk","15.204.46.254","AS16276","OVH SAS","United States","Hillsboro","45.5397","-122.9638","3.0.10"
"2KKaKodFi7RpbuG6xVtjBrVYb9Pb587rdNfCbViSt2Re","162.19.222.84","AS16276","OVH SAS","Germany","Limburg an der Lahn","50.3986","8.07958","3.0.10"
"FFWW7Mn26WhLjpJULU6SvfA6NKaMQqog166XG3ammscG","51.255.148.97","AS16276","OVH SAS","France","Strasbourg","48.5734","7.75211","3.0.14"
"2dvRJY4gRdXnxcnDqDf8Vdt8MPagPaQHrFabf2GjcdQY","51.222.167.242","AS16276","OVH SAS","Canada","Montreal","45.5029","-73.5724","3.0.14"
"CHFz3aFF9UVWPxUgqemTTozLcBFZK8zjgtm3JxXxQRNB","145.239.233.180","AS16276","OVH SAS","Germany","Limburg an der Lahn","50.3986","8.07958","3.0.14"
"3Vp63A2T5bperEuRFbguYpnBrjPGH8FGL6d4TN64FeMD","5.135.172.139","AS16276","OVH SAS","France","Strasbourg","48.5734","7.75211","3.0.14"
"4fDEPWBVx6VAp541zerd1gSpuKZcuTzFWmoqXdPQ32Fr","57.129.39.124","AS16276","OVH SAS","Germany","Frankfurt am Main","50.1162","8.6693","3.0.8"
"DSdAk8SAhjG9xPsoutb1nbzTafjo4LPahSPT7MdkrJrt","15.235.219.100","AS16276","OVH SAS","Singapore","Singapore","1.27994","103.849","3.0.14"
"7LpNtbFAHbCu81CJbDsvKeaZ5dEGSeEto1zGs8SatSYb","162.19.167.136","AS16276","OVH SAS","Germany","Limburg an der Lahn","50.3986","8.07958","3.0.14"
"CWF4m2Hz6nPxnMf2mBgNPRWQxyVB8gFbAbLDCvPeEQG1","57.129.144.52","AS16276","OVH SAS","United Kingdom","Bexley","51.4409","0.0985","3.1.7"
"G64CYjkriBp1Rrkvp1fH2r6LQh7cePPppK3BGTtRLzCU","15.204.46.164","AS16276","OVH SAS","United States","Hillsboro","45.5397","-122.9638","3.0.14"
"9gH52AUSBPsnicnso9HJ6kQZxydSHBosVTujH6Yd6dTG","51.38.146.235","AS16276","OVH SAS","Poland","Wroclaw","51.098","17.0321","3.0.14"
"2vqaqe1FHQkY39DKGiuNyLA3UE1FkPjkpkmT2keceZNt","57.129.84.198","AS16276","OVH SAS","Germany","Frankfurt am Main","50.1162","8.6693","3.0.10"
"4db9pFZuHtsoRyrKJCXGhwZX2WyLVTGiSE3Ecb9ih63F","51.68.135.62","AS16276","OVH SAS","Poland","Wroclaw","51.098","17.0321","3.0.14"
"2bxf1qHL5k1kw6M8SoYhDJHQeuCMrAT5wCuaZpPecCAe","51.222.167.243","AS16276","OVH SAS","Canada","Montreal","45.5029","-73.5724","3.0.14"
"47ZGZBXjaTnRZqnf5K61m3KJBkf5mJKv5DLpxmSSAXGX","57.129.76.98","AS16276","OVH SAS","Germany","Frankfurt am Main","50.1162","8.6693","3.0.14"
"6a4C7w6Uivq3csv5hxJEFMj2i1XoQq9p9gbFfFkXMRNZ","51.68.135.60","AS16276","OVH SAS","Poland","Wroclaw","51.098","17.0321","3.0.14"
"FJ34KT35WbriyAuSr2Rn17K8PJBpwz51D9H8zg9gzdrt","51.89.25.29","AS16276","OVH SAS","United Kingdom","London","51.5081","-0.1278","3.0.14"
"zTfrxDoBos7G2VWc7YBT8gCAnKseUzEFUQTRshDPZxN","15.204.46.168","AS16276","OVH SAS","United States","Hillsboro","45.5397","-122.9638","3.0.14"
"7PXzH6nqY6L1wq9n34ufCa8DRuiKdpJYdUkUrfJjXHi3","5.135.194.219","AS16276","OVH SAS","France","Strasbourg","48.5734","7.75211","3.0.14"
"EaW3FfkHTXbaMQz9fXkRqfQu9g9LZcz3kx3mVmvGEf97","51.222.171.27","AS16276","OVH SAS","Canada","Montreal","45.5029","-73.5724","3.0.14"
"9TTbxdcEyF1MwkGHUT3RYJMfkDtMQNzF61qGBZnqAdhA","5.135.124.17","AS16276","OVH SAS","France","Roubaix","50.6916","3.20151","3.0.14"
"HNt223LW2aQgVwpXhUp2ijTYJ12uoX18aQPbPhDd5jhF","51.222.171.26","AS16276","OVH SAS","Canada","Montreal","45.5029","-73.5724","3.0.14"
"FLHgxdiN8GWtQZmyN3ue8UbtFork2TwUPqmPkFqKmxyi","15.235.225.144","AS16276","OVH SAS","Singapore","Singapore","1.27994","103.849","3.0.13"
"3ATV8muZehPYoF6BywebxFpBfRrjxkQPmRGpJEREEkzk","15.204.241.59","AS16276","OVH SAS","United States","Reston","38.9609","-77.3429","3.0.14"
"BHPoS4qPTK2NdL5uXSk9rWBJ3PbaHh3L9v3in2i3wrqo","40.160.29.249","AS16276","OVH SAS","United States","Reston","38.958","-77.3592","3.0.13"
"8aUD4JNCtYd4AQCq4n5TKdt3HJ4fJiztLZEDd9hnkE7Y","5.135.196.121","AS16276","OVH SAS","France","Roubaix","50.6916","3.20151","3.0.14"
"BBQZcazoQFrjnD19GfLYvLQSUsvGTPvikkqeLcBWiMsg","5.135.171.185","AS16276","OVH SAS","France","Roubaix","50.6916","3.20151","3.0.14"
"5RefGbCFs2trXaXmwDgQi2DkER4dM2899ZBFdLT3hGPB","51.222.171.24","AS16276","OVH SAS","Canada","Montreal","45.5029","-73.5724","3.0.14"
"5Zb1w53e8qcAQBVwqhxy6Uj6Jehj6aWq6N63gpPMhNfp","51.81.207.0","AS16276","OVH SAS","United States","Hillsboro","45.526","-122.9874","3.0.14"
"J6uzYgxuyyuURXSHrB5ax7w2ppyrqom3qo6o8UFyeGFF","15.235.43.89","AS16276","OVH SAS","Canada","Montreal","45.5029","-73.5723","3.0.14"
"BC784S6LQ4fjHQidSj8c74QGj2bDjhNvjBP6m4YSY2hc","51.38.85.16","AS16276","OVH SAS","United Kingdom","City of London","51.5113","-0.079212","3.0.14"
"HkEHCRTwiBnY5cFDjacypuDf2eddH4gW5PRQNV3EVdu","145.239.18.168","AS16276","OVH SAS","Poland","Wroclaw","51.098","17.0321","3.0.14"
"HTbTbywfMQ6fem6SMMq9qAKbn9C3h25JMNEXXUVBudkR","51.38.67.28","AS16276","OVH SAS","United Kingdom","City of London","51.5113","-0.079212","3.0.14"
"BJk9rev8yhsDDDVtZYqGhrYtxg15BTcqfdinHeQPooJH","51.81.229.138","AS16276","OVH SAS","United States","Hillsboro","45.526","-122.9874","3.0.14"
"7zyDtbdHxmnwJfPufxPrbow3937MEYG8HBwQM1Xch9MY","91.134.54.82","AS16276","OVH SAS","France","Wattrelos","50.7012","3.21501","3.0.14"
"GNdd3Pf6YijHkr7UMdj4QdMZRN2wBS3xjK4XTWiS7cx8","51.68.222.124","AS16276","OVH SAS","United Kingdom","City of London","51.5113","-0.079212","3.0.14"
"8Bg9MywJgP1K22vYgtRGjCA8Cn7UhKJEmWxh2kchZPbE","54.36.227.236","AS16276","OVH SAS","United Kingdom","London","51.5081","-0.1278","3.0.14"
"79G1aAzgTRwi7SdsKc7UFVwsVBKZGtyvUg2Agf9s953k","5.135.243.150","AS16276","OVH SAS","France","Roubaix","50.6916","3.20151","3.0.14"
"5SvxnefLBQPH1HfDcE2C9BFt15bSwPLUhpgGqYGT4tch","54.38.48.190","AS16276","OVH SAS","Poland","Warsaw","52.2299","21.0093","3.0.14"
"8skZhvEoWYSMCr3JiTTSuxkiGs7T9WZMQZ2eyKb13afR","51.68.202.159","AS16276","OVH SAS","United Kingdom","City of London","51.5113","-0.079212","3.0.14"
"FbDvE8TuVRjEhC28cnXvhck7d5Yy5aEnTaks7WYtKwLA","51.75.32.27","AS16276","OVH SAS","Poland","Wroclaw","51.098","17.0321","3.0.14"
"n4N2XfxJvTEvXjNUHN9LyzrsKSX5zs1NTyeLNH2YdvL","51.81.30.139","AS16276","OVH SAS","United States","Paris","38.2098","-84.253","3.0.14"
"GCM15TydXYPLd7WuPJ1tLWDp6NmczRsGhiK1DrMKAqHB","51.89.25.28","AS16276","OVH SAS","United Kingdom","London","51.5081","-0.1278","3.0.14"
"5eYVuQdk7HeFiUwD8a34JsukVnfqTUCZHCFatPJtCoM3","54.36.184.233","AS16276","OVH SAS","Poland","Wroclaw","51.098","17.0321","3.0.14"
"8VHEF4p2s2vwx5aFVTsRaoEa12eK7kL3ZfaK1sSVke6n","135.125.160.40","AS16276","OVH SAS","Germany","Limburg an der Lahn","50.3986","8.07958","3.0.13"
"EF4vMUUSZwuMGcxBi49W1RxwQdPQdEmWzrH7oKbNqx8s","51.222.167.241","AS16276","OVH SAS","Canada","Montreal","45.5029","-73.5724","3.0.14"
"25Ebufr9st7BUWxtG5Hg5fw2EYu63DtbNCJAQTFFKw8G","51.81.193.146","AS16276","OVH SAS","United States","Hillsboro","45.526","-122.9874","3.0.14"
"2WX5yMbE8KKfrGq3MjRnwppNj1LqhFHWXRGUKzcxf5sn","51.89.106.39","AS16276","OVH SAS","United Kingdom","London","51.5081","-0.1278","3.0.14"
"HaxHZg4zPNrcwsWGD7ygiUSummy1oJw1nWxnxSRuYW3q","51.81.146.127","AS16276","OVH SAS","United States","Hillsboro","45.526","-122.9874","3.0.14"
"F3KVvCTzPpyza7sev8fg1zwv7X6x9nJcEEA48HJ2nY12","57.129.54.106","AS16276","OVH SAS","Germany","Frankfurt am Main","50.1162","8.6693","3.0.13"
"XEXBTo4Z58X7LcCTGGBsZ9eQVtPoAByR2iSfsB4jy32","51.89.25.40","AS16276","OVH SAS","United Kingdom","London","51.5081","-0.1278","3.0.14"
"CZSw9Vez6JHfZbhBwwcZhywCzfwCrHt2oP3F7CWSxCmt","15.204.42.211","AS16276","OVH SAS","United States","Hillsboro","45.5397","-122.9638","3.0.14"
"J53CHBouRrp6ZGmvpdazkupcTi3VpR6zB9iNmGQNKUUu","15.235.225.244","AS16276","OVH SAS","Singapore","Singapore","1.27994","103.849","3.0.14"
"CKi5rykR59zgMq7oET9DZ8YFCBFn3zfcKJUVtXn93utv","5.135.196.156","AS16276","OVH SAS","France","Strasbourg","48.5734","7.75211","3.0.14"
"E3NkD3ukPVjJ9PSeB8TTuHXcrzWyyRt89TRGN1Sfctds","51.81.38.17","AS16276","OVH SAS","United States","Paris","38.2098","-84.253","3.0.14"
"44A568ewz1SKZAcXrZ2p1S5dx5hJRic9AroNJEYDXSKL","15.204.106.237","AS16276","OVH SAS","United States","Hillsboro","45.5397","-122.9638","3.0.13"
"HTsunWdquQ8PGBMw9vwb5nyXWkdYRT62QGBPVmkaiBDc","51.75.32.25","AS16276","OVH SAS","Poland","Wroclaw","51.098","17.0321","3.0.14"
"DkNTdWG8SZW6UFKPPtvkDFD6ELe1MyZ7tjycxTzpDy8y","5.135.174.157","AS16276","OVH SAS","France","Strasbourg","48.5734","7.75211","3.0.14"
"E7nyktgh6AfGsavy43JewqX5ESZqkajg1LKq73piQPnt","54.36.192.206","AS16276","OVH SAS","France","Strasbourg","48.5734","7.75211","3.0.14"
"55ySPyiaEvCS3KLaNfViBpeNUrQNoYLGEmewmRPNWcW1","51.68.133.207","AS16276","OVH SAS","Poland","Wroclaw","51.098","17.0321","3.0.14"
"6fSpEgKtzkxDmM7X2EKY61zWQymgewaJCu44PJE9MZHn","51.222.160.139","AS16276","OVH SAS","Canada","Montreal","45.5029","-73.5724","3.0.14"
"9YvrXth8yJiywYJpAFHjqXcWQDBSRB2HeRvQLKQnJ24M","51.81.162.26","AS16276","OVH SAS","United States","Hillsboro","45.526","-122.9874","3.0.14"
"5YCK7o1TT1Nsh5sqoogc5LSMr2eRKedKUbfZ87uAAf1b","51.75.32.61","AS16276","OVH SAS","Poland","Wroclaw","51.098","17.0321","3.0.14"
"8P9nrxhNpEbs7Gc4WdTuJQHywpy3uo5KL99Fh1LQmG7r","51.89.25.71","AS16276","OVH SAS","United Kingdom","London","51.5081","-0.1278","3.0.14"
"2E1AcBw22frRDKGEKUdetUsavR8ccyWfPC27Gp9QEiCV","54.37.114.160","AS16276","OVH SAS","France","Strasbourg","48.5734","7.75211","3.0.14"
"Ehza2a2oCQ7pAtKTovUP4SGCyTe88FRcXG8RxBqCD8NH","51.222.167.152","AS16276","OVH SAS","Canada","Montreal","45.5029","-73.5724","3.0.14"
"Fvo2H7VvAg1BvvuPQt8uorN8VXGyE3VDBgvzxabgq8sM","15.204.241.68","AS16276","OVH SAS","United States","Reston","38.9609","-77.3429","3.0.10"
"FT3hDP9jUahJ9jTahDYAfyXPoAv9CCLXvALhLSFe1nhv","51.81.214.69","AS16276","OVH SAS","United States","Hillsboro","45.526","-122.9874","3.0.14"
"3tgoqL7n2XSPgyf69Q6653nFrtEbRnFMvtywH526hKAS","162.19.77.136","AS16276","OVH SAS","France","Strasbourg","48.5734","7.75211","3.0.6"
"FqbyHCrbuduEz56yATLiQxrWsviSc9QiSq5mkSz7zeM4","51.81.195.97","AS16276","OVH SAS","United States","Hillsboro","45.526","-122.9874","3.0.14"
"8JUdrwVvgiJoMw5YaShuV6xL2N3KNwjRJubE9uWPvwTe","57.129.85.194","AS16276","OVH SAS","Germany","Frankfurt am Main","50.1162","8.6693","3.0.14"
"34GZ3TtQsaRLkpQQoxW8yNV21CjXNoJLPqju1f4MBfjr","51.89.17.29","AS16276","OVH SAS","United Kingdom","London","51.5081","-0.1278","3.0.14"
"2caqAnFrU2uGQV9Aqy9ivBVp12zWBiSpTCFJPfW1ZbyT","51.38.146.233","AS16276","OVH SAS","Poland","Wroclaw","51.098","17.0321","3.0.14"
"5JM7qHfXMNjwYu9ugvVRmqrYo753KsQy1uwY84pxo4MF","141.95.45.87","AS16276","OVH SAS","Germany","Limburg an der Lahn","50.3986","8.07958","3.0.10"
"2Jjud1FdoFxmUWxoQ9CSPLLj2vXSCcyi6LfTCNTDv7pg","145.239.203.28","AS16276","OVH SAS","United Kingdom","City of London","51.5113","-0.079212","3.0.14"
"7s7ZhGh4kS6Qqvfd1Kz6pSSZLVXDcjz4zGzC4juYyZVS","54.37.90.197","AS16276","OVH SAS","Germany","Limburg an der Lahn","50.3986","8.07958","3.0.14"
"4BgVLs5r1c4A6aes6yFaZrjBjuxy9XejYrTchndbJcC2","72.251.3.179","AS16276","OVH SAS","Canada","Toronto","43.6532","-79.3832","3.0.13"
"BCULgTQa39QT5hS5LX9s6QPLqubHHE9SaGXPfjkdRYPk","54.37.90.198","AS16276","OVH SAS","Germany","Limburg an der Lahn","50.3986","8.07958","3.0.14"
"hBgGXkJ1Zw9hj1XVrb1tsHJUC8nrvoKefNf6RaShdKM","15.204.241.52","AS16276","OVH SAS","United States","Reston","38.9609","-77.3429","3.0.14"
"BJNP8mMkRZWKZ1J5Q2piA3VJYfci9pRBma61nB9qEthY","51.89.161.227","AS16276","OVH SAS","United Kingdom","London","51.5081","-0.1278","3.0.14"
"6wxdnjY7wqYfMu1ZGbXApqmsnYCnz6MDT6B7mextpdTu","51.81.26.33","AS16276","OVH SAS","United States","Paris","38.2098","-84.253","3.0.14"
"AfRk37yyZMhmutzJoN1r6fGJYfvkb3utzCvbrfw37Lx8","57.129.90.4","AS16276","OVH SAS","Germany","Frankfurt am Main","50.1162","8.6693","3.0.14"
"9xyRSbRL2gkqrkAJ1MppzE8wJegj5xcmJCneVPh2X8j4","15.204.36.192","AS16276","OVH SAS","United States","Hillsboro","45.5397","-122.9638","3.0.14"
"AWYxxvWnvVWXg766KEKHuqzfJqSSPaQfvkfkcCPN8BGs","40.160.13.161","AS16276","OVH SAS","United States","Reston","38.958","-77.3592","3.0.14"
"h7KivEQKpSSLYbnEzZU8rULq8pG2DhRKzjp7HrEFB3z","15.204.161.219","AS16276","OVH SAS","United States","Reston","38.9609","-77.3429","3.0.12"
"3oN34hhaHmzyoHj4SWV7APab3Eq1yth5ASNiVj4w6w3U","51.81.182.81","AS16276","OVH SAS","United States","Hillsboro","45.526","-122.9874","3.0.14"
"DodpMk7y1i3zYueMKQGHFZpUg9NbneZUSwJHnX4icTPn","51.77.35.91","AS16276","OVH SAS","Poland","Warsaw","52.2299","21.0093","3.0.14"
"CoiwGrEyf1EFRszmge17UapyNTwDd2NXK2BvKW8E6BcH","54.36.227.237","AS16276","OVH SAS","United Kingdom","London","51.5081","-0.1278","3.0.14"
"8rckWcmvyYvzdUYJduBTEcvuhqQ95mz2Hz8y7fjq7Fwd","51.68.31.175","AS16276","OVH SAS","France","Gravelines","50.9871","2.12554","3.0.14"
"F2WGZLWViDsQ5bwkKkjpHPjaJVYQxTm2CtxUQRm2D75Q","51.83.137.116","AS16276","OVH SAS","Poland","Wroclaw","51.098","17.0321","3.0.14"
"GxL2WKXFFMGiTsxEXJTVCRbt4LWzFABSkXkMN6acKTvA","141.94.154.210","AS16276","OVH SAS","France","Wattrelos","50.7012","3.21501","3.0.14"
"EbrAtAQb3QtyD3Lo3FGYTf3DUMVJKxnpRgSnVGff6f9v","51.68.133.204","AS16276","OVH SAS","Poland","Wroclaw","51.098","17.0321","3.0.14"
"YgoAmGTXkJyscUymuM34nku8c5FC6CtJ4svpaiEVEu9","148.113.199.182","AS16276","OVH SAS","Unknown","Unknown","0","0","3.1.7"
"FqsE4Lpt8zu5UfpAXe9wFpxiARmFrArTwa8CikzAekJW","5.135.171.253","AS16276","OVH SAS","Unknown","Unknown","0","0","3.0.14"
"D1NDmj6eyHHvcj91rn9XMv7thjsVryFXw1fyb5P1nGCK","51.77.35.88","AS16276","OVH SAS","Unknown","Unknown","0","0","3.0.14"
"GpeAzzWfA28W1bVitCJR6r5XCh4uhf5nK6iXmw2jcZZC","51.81.28.194","AS16276","OVH SAS","Unknown","Unknown","0","0","3.0.14"
"ADpp7XsZEsxYXmsserGTzwtEzojvKPrCfFJvziaEBMKj","51.222.169.199","AS16276","OVH SAS","Unknown","Unknown","0","0","3.0.14"
"3ejtqCALk7zTmZtVEftJfQwmGNALVkmUmxUTpVHZLc9K","51.81.39.60","AS16276","OVH SAS","Unknown","Unknown","0","0","3.0.14"
"791bAJ31BxJmU3zVRY2FXmdcsyq6B2JSB2YX2KY72fkb","141.95.45.179","AS16276","OVH SAS","Unknown","Unknown","0","0","3.0.14"
"54NdZ3Tf6U8keuHtcg56ZKkwJMQCinQhFLqFnhbPcSsC","51.89.25.42","AS16276","OVH SAS","Unknown","Unknown","0","0","3.0.14"
"FkG1pbs46TMGEetypa9nG9ARSyuPf4pM2F4WQFsfJFoH","51.68.202.156","AS16276","OVH SAS","Unknown","Unknown","0","0","3.0.14"
"7rLMrU4ecmYT73YK871dpZDr5DKUTKuDN94ep3wPWKMk","5.135.168.161","AS16276","OVH SAS","Unknown","Unknown","0","0","3.0.14"
"ApuYfwSzuMSdRNGe9g45Z5HfuMxmXayPaewqhKJK2R5U","15.204.105.192","AS16276","OVH SAS","Unknown","Unknown","0","0","3.0.14"
"AaAPRcS69VwaK64omaovjCPHLQ5qzsB6qPyaWBTABNQJ","57.129.87.237","AS16276","OVH SAS","Unknown","Unknown","0","0","3.0.14"
"5dF29EqstQnZv4kNX7SnLDQZDkVZy4kd2caQPvqW4geR","145.239.233.182","AS16276","OVH SAS","Unknown","Unknown","0","0","3.0.14"
"EzXwcskQTJQrSeswN8oQuwrL1iyh5fYWxewbtHawxssv","51.81.30.138","AS16276","OVH SAS","Unknown","Unknown","0","0","3.0.14"
"7XHJUFH19iDuNwj6JjFFbnPDLNCBbJHfbbuqGF2KgyzE","72.251.11.141","AS16276","OVH SAS","Unknown","Unknown","0","0","0.808.30014"
"2XsMux6csDWJeB6GmXcr42oA7UyqF3SPc8NdMePbshS4","15.204.3.216","AS16276","OVH SAS","Unknown","Unknown","0","0","3.0.14"
"GHTyzaJo5AG4gNnGSLCBrLYG6AgRqKHXL3QCz81b3Wrs","51.89.15.51","AS16276","OVH SAS","Unknown","Unknown","0","0","3.0.14"
"7syJKqi8Wqh4kUpbvXUU9Xs46f3ZvrjyTXGbhfBbZMWf","198.244.253.91","AS16276","OVH SAS","Unknown","Unknown","0","0","3.0.10"
"B8zGgC2RLnh52HBftGUE6RjfwJDkqc3TVC3pd5eXTnpm","51.222.169.197","AS16276","OVH SAS","Unknown","Unknown","0","0","3.0.14"
"HuQPuaKgHQJV3YBKT4fvpwhKmSe2gF7ELTxMHjmXkfd","162.19.103.149","AS16276","OVH SAS","Unknown","Unknown","0","0","3.0.14"
"AoMTqEqNsmXw14G3Zj1NCbosWBiuGRXXwz7DYXRjvcZf","5.135.126.175","AS16276","OVH SAS","Unknown","Unknown","0","0","3.0.14"
"D837tShJHxUxcYfddcEwn1o3V7ZBmytHvaB3bpQLHAN4","145.239.203.29","AS16276","OVH SAS","Unknown","Unknown","0","0","3.0.14"
"7YK7UetQxQNwghMH4uZYm38CAsXrnmQgBpuaZravzuY2","5.135.173.87","AS16276","OVH SAS","Unknown","Unknown","0","0","3.0.14"
"3UhH6QrUCGM1wJpVZu1hrop4ton4XYbX8oPC8h1kETuL","57.129.59.250","AS16276","OVH SAS","Unknown","Unknown","0","0","0.808.30014"
"6CgLPbARBHprkYVxGBMZHjysNpkSRUcoUQdghUartHYr","141.95.207.243","AS16276","OVH SAS","Unknown","Unknown","0","0","3.0.14"
"FUe892hEGwcSV3Li9yVCrKhhDNnsv8fuUGaSZPfXe3mC","162.19.222.40","AS16276","OVH SAS","Unknown","Unknown","0","0","3.0.14"
"5XWGAGRTcoaU1Nt9iey8MRHcARd1EYtB1i6NxwWVM4EG","5.135.193.193","AS16276","OVH SAS","Unknown","Unknown","0","0","3.0.14"
"8LGE1PAWfyaEy5CP6z3dbdgwSw4WtKyCrZQXeph6V1QM","54.37.140.68","AS16276","OVH SAS","Unknown","Unknown","0","0","3.0.14"
"3SHMjkVPnzQqFg37UHqFK5GJ3DQCPc4JMpM11gBkAvVM","148.113.187.124","AS16276","OVH SAS","Unknown","Unknown","0","0","3.0.14"
"7boUVfp6GqXdtfZw9yRp5MJfLKVbLMePDAzbQkSeGQUz","51.68.192.1","AS16276","OVH SAS","Unknown","Unknown","0","0","3.0.14"
"Ckqp7e7mrthQnq63sKewY9F5SZPoujRjupt9XDaALdEp","51.89.19.252","AS16276","OVH SAS","Unknown","Unknown","0","0","3.0.14"
"7DqdJMhG8M9HWHBjmdpGtkQmYCsowfGmYGHSDjjXMZLH","15.204.241.33","AS16276","OVH SAS","Unknown","Unknown","0","0","3.0.14"
"HEWeJ4RwhD6eefrNE8Mtz7Z83wxi6zXYHf1rdRJW6zyf","137.74.50.0","AS16276","OVH SAS","Unknown","Unknown","0","0","3.0.14"
"HkCAo9yAspkPVt6Gb32XEApS9r2B6KwHjN8RoDwJjHHX","51.81.25.225","AS16276","OVH SAS","Unknown","Unknown","0","0","3.0.14"
"GJ3hS9qEKaTghu1qXkNB9VedsvMeqL6LEpWS8iktRvss","51.81.182.80","AS16276","OVH SAS","Unknown","Unknown","0","0","3.0.14"
"A8GYkBUj1cs5s3Nmz9AEi5HPhXVtUVpqSU9SsJpHDp7y","57.129.36.218","AS16276","OVH SAS","Unknown","Unknown","0","0","3.0.6"
"C7aqNstTEAet11mww4p78DSxbQK8MVc6hHbEtSmwWKpS","51.222.162.208","AS16276","OVH SAS","Unknown","Unknown","0","0","3.0.14"
"14M8twnCNZbAESGVa7nkztFH8gvtJ6622WKwUqMNpZr5","5.135.124.18","AS16276","OVH SAS","Unknown","Unknown","0","0","3.0.14"
"FUSVPruS7B6SguwNoNYbvuqE15Fjb4sXt3JR6bASrkvs","57.129.36.128","AS16276","OVH SAS","Unknown","Unknown","0","0","3.0.14"
"2STxdxksGsYSsQJNze66yKDxD1CYUBryS8FvM32Sr1Zy","51.81.28.192","AS16276","OVH SAS","Unknown","Unknown","0","0","3.0.14"
"BKWRi34m5UrJGbi9cDTAe2tKpmkoSq84RRTy2qQy61vH","51.222.162.20","AS16276","OVH SAS","Unknown","Unknown","0","0","3.0.14"
"5rstvvjgy4XkQF4XNUAqGCZTQVUs4hvnmHZXrhu51cdN","51.81.39.63","AS16276","OVH SAS","Unknown","Unknown","0","0","3.0.14"
"EQiVF1AqNcLUEQnjRnUKbq6UuCo32M64rkAjpM3ysYMC","5.135.193.218","AS16276","OVH SAS","Unknown","Unknown","0","0","3.0.14"
"8p8bgsED57PGJgvitom86WemebyHFW4JbjNerUtzVWN1","51.81.193.147","AS16276","OVH SAS","Unknown","Unknown","0","0","3.0.14"
"FyYejmV9X3jGESQ2dZG9sWDvJ8hFenx9e3QMKyhtjh4N","5.135.174.18","AS16276","OVH SAS","Unknown","Unknown","0","0","3.0.14"
"7jNCMeFESoLkSeTgHpfRZVgA9cesqRLyPo1WYz6HNcLk","141.95.48.151","AS16276","OVH SAS","Unknown","Unknown","0","0","3.0.14"
"GiP6aTtv5tnbJo2EzrDEgZqNiAtht3pqEGYLNDa4E193","51.81.26.46","AS16276","OVH SAS","Unknown","Unknown","0","0","3.0.14"
"4zjDnroeMHHNdGG8DRz6tG2hXBhhTjgUrS69RkhqLNs9","141.95.45.24","AS16276","OVH SAS","Unknown","Unknown","0","0","0.804.30008"
"6WQSLuZGXSpR2G7xFvK12aFg9f6A7gPGM1rga5dg9KwA","51.75.32.12","AS16276","OVH SAS","Unknown","Unknown","0","0","3.0.14"
"ENj3xh3mVG7WVn3y8Grz83iaZ59Pmtgm8FZthMa1zfxK","217.182.88.89","AS16276","OVH SAS","Unknown","Unknown","0","0","3.0.14"
"Ehf5nh9vVDqJQ8QaACebrGXg94KhsFyHdSpvMJNzk4yC","51.38.146.234","AS16276","OVH SAS","Unknown","Unknown","0","0","3.0.14"
"4gUCrbN8Z4otMA8QWXkEt2o8SgBvKK9cwayGh8pkV6xx","15.235.228.133","AS16276","OVH SAS","Unknown","Unknown","0","0","3.0.14"
"7gnFYY1kugbryHWWHfLjhcitTpP7dmqwj68SiCf1eMQZ","162.19.222.252","AS16276","OVH SAS","Unknown","Unknown","0","0","3.0.8"
"7CEQ6ZCVDc5jVGEpFbevUWUydpNLFw3MT189ovao39GG","57.129.88.27","AS16276","OVH SAS","Unknown","Unknown","0","0","3.0.14"
"5cNVmZViHvhJ2jie8PAZUgxJCmrRe6BTiZRHhx4k41ko","15.204.108.7","AS16276","OVH SAS","Unknown","Unknown","0","0","3.0.14"
"6U4599z4BufaVV17juFzxbB5hoygQi6Zj8hvVc2t6aeA","57.129.136.65","AS16276","OVH SAS","Unknown","Unknown","0","0","3.0.14"
"BmCFAssU3dTkVfUqFwyvTVZMHd2F28fctPeV2ZgVaiPw","5.39.106.28","AS16276","OVH SAS","Unknown","Unknown","0","0","3.0.14"
"7bBWgzpUg5YerPJeXPBfX2kejyEToN7VCsD79pdpQH9Z","51.81.25.245","AS16276","OVH SAS","Unknown","Unknown","0","0","3.0.14"
"B2yXoHEahYwNYKui5SqvNcVt4VkZENjejT4nWzRC7ns5","51.89.15.50","AS16276","OVH SAS","Unknown","Unknown","0","0","3.0.14"
"2DbaDY6X1J9buaL5S2schzpz4ddBd2UZwk7fEavN3aNT","148.113.193.165","AS16276","OVH SAS","Unknown","Unknown","0","0","3.0.14"
"Axiifb4XAwxYc46ERtLfeTotWCncJBntGSWrC8MWwtjV","51.81.214.71","AS16276","OVH SAS","Unknown","Unknown","0","0","3.0.14"
"2mmmzdFLJzn6swjqXmH6C5azcW4R9JE53LbQpM52nb9M","145.239.18.170","AS16276","OVH SAS","Unknown","Unknown","0","0","3.0.14"
"3JuKpLSMEfo3aMwowm43UWc6o8QeT1W5Fxv225mkjsSF","51.68.202.157","AS16276","OVH SAS","Unknown","Unknown","0","0","3.0.14"
"J4Gckrmuj3PHCEBFNY1vB7NNe9BmXBPLBAySVqxspRXH","5.135.193.158","AS16276","OVH SAS","Unknown","Unknown","0","0","3.0.14"
"Erc9fyQsmYJ9UUwGrSaGNkbqWWRtjfBB7cTtgkssDv1T","51.222.146.139","AS16276","OVH SAS","Unknown","Unknown","0","0","3.0.14"
"2bqscMehQ8CKvQL4RgfVeGLPVzvhSg9YQdzxjDMyY9zw","54.36.192.207","AS16276","OVH SAS","Unknown","Unknown","0","0","3.0.14"
"8s3AVwE3Q8SGf7MEwTAtNoUuP2gCobuGn57XRVqfapu4","57.129.90.84","AS16276","OVH SAS","Unknown","Unknown","0","0","3.0.10"
"GawzMKhZaFwnwpczi9o4EsYjNUkwGtMGZgU1FFwLz2Ym","162.19.102.146","AS16276","OVH SAS","Unknown","Unknown","0","0","3.0.14"
"EdEtUBVePs9554yZZbV5vh8exRxEz5vTNvUiWdRsV9T8","51.38.76.206","AS16276","OVH SAS","Unknown","Unknown","0","0","3.0.14"
"AZMpyiKtWPcNbU4Cm9RNGki9dpHhjfNpaWMu1jFk5vVo","15.235.232.94","AS16276","OVH SAS","Unknown","Unknown","0","0","3.0.14"
"G43T2jH6tUiwYz3MnnmMBQC8ZGvztb81LhqJCfPXCzAU","51.222.146.244","AS16276","OVH SAS","Unknown","Unknown","0","0","3.0.14"
"BDj6ZbRDbjU2VSQiasXHstALCcnvrrY1WQ6f4pTixiJ9","176.31.30.21","AS16276","OVH SAS","Unknown","Unknown","0","0","3.0.14"
"HM1tyG2FPKMMzeJ69XBXcpTdJXUGjyN9si1Gs2c575G3","57.128.146.15","AS16276","OVH SAS","Unknown","Unknown","0","0","3.0.14"
"6cocbN1N7zswUP7Z9HzVmdyS7MCgJqjV8UVwJwmogmNN","40.160.12.8","AS16276","OVH SAS","Unknown","Unknown","0","0","3.0.14"
"Hke58psbt31f3mF6SNNksgS5adg5mZxDJDGmxUE8WL5x","51.222.160.138","AS16276","OVH SAS","Unknown","Unknown","0","0","3.0.14"
"CwsDNkX8BWRKhWZC3kJDuVG2pPoCNRZg1CiGfAqxs69g","54.38.48.189","AS16276","OVH SAS","Unknown","Unknown","0","0","3.0.14"
"FzBpoHgvReDbjJkUXpMdHTtpo8iB3yhgi9QPGQY1N9Vy","51.81.42.230","AS16276","OVH SAS","Unknown","Unknown","0","0","3.0.14"
"C89u85PGhhKXKvPeDPTpnDhDyFqksGspRhgy39G8YW41","51.77.102.101","AS16276","OVH SAS","Unknown","Unknown","0","0","3.0.14"
"AzL4bqekcqhPXHrQEuVThwdpwHRQYhGyTubNL1oD9hti","15.204.20.178","AS16276","OVH SAS","Unknown","Unknown","0","0","3.0.14"
"8L23FJ9up3zvh4uKdWwm4sY1MVdzci7dufYJH63Fd4rA","51.75.32.60","AS16276","OVH SAS","Unknown","Unknown","0","0","3.0.14"
"BcELRtM8EpjU7sQTDci9sb9kxhpdoeTfYLnmh54Tam4z","51.89.25.43","AS16276","OVH SAS","Unknown","Unknown","0","0","3.0.14"
"AH5FrR2ziDPYVpD9ynGEMKL1rfZvLUSMtZosR5YuWcSy","51.81.137.225","AS16276","OVH SAS","Unknown","Unknown","0","0","3.0.14"
"BKp4T36K9iMDoeAt3jyVQvSq2r6k61BmxHhCsuCVTRJs","5.135.196.122","AS16276","OVH SAS","Unknown","Unknown","0","0","3.0.14"
"GN49XYRGycEuCBKSkyAkNMM5hUNV4QJqKBFN1aXhJWkW","51.81.27.85","AS16276","OVH SAS","Unknown","Unknown","0","0","3.0.14"
"J2mnCf5Ker8p257PzDzLLcYUpCCNM7AtBHXzK7tuNNMZ","51.81.43.231","AS16276","OVH SAS","Unknown","Unknown","0","0","3.0.14"
"9nSUK2QQE2XiYGXJLrFc82GRzpYhNETZLYkewUkVSRsp","72.251.3.221","AS16276","OVH SAS","Unknown","Unknown","0","0","3.0.12"
"E5jxBauWZss1ejp7FUfdYuTTzAr9G1QqqMG6wAJmM373","176.31.30.22","AS16276","OVH SAS","Unknown","Unknown","0","0","3.0.14"
"93BvqiNmcAbUDEUP5o6CFqLGjLaqNRpRoA3QM7y9CwjY","51.222.167.155","AS16276","OVH SAS","Unknown","Unknown","0","0","3.0.14"
"7ECBVpDK1xAQQRiL8eGceHPhngi8vsrUp5G2XHF9aiuH","15.204.106.148","AS16276","OVH SAS","Unknown","Unknown","0","0","3.0.9"
"GPidFYjn1T6Ja4A7wLqY8nywgRThtm91gTC2DM9eW18v","40.160.33.5","AS16276","OVH SAS","Unknown","Unknown","0","0","3.0.14"
"2SufDHyTqfVBTViJUSBej1BZuHpxcHLrPBU8jDfo4x5V","5.135.124.19","AS16276","OVH SAS","Unknown","Unknown","0","0","3.0.14"
"F3837kQQKp6AU6QpratNCX5yjE7BZ3rQaHu9Kef8gisv","141.94.46.42","AS16276","OVH SAS","Unknown","Unknown","0","0","3.0.14"
"oxeMpvjnWR2RrNhUES5UjjNALMNq2p3238h7UYQ3s2i","5.135.192.211","AS16276","OVH SAS","Unknown","Unknown","0","0","3.0.14"
"ZveLxfKHJTw4Cs8vCfpojVsW3TsPUWZybb73vaFtMxa","162.19.103.252","AS16276","OVH SAS","Unknown","Unknown","0","0","3.0.14"
"77DvYxJZMw3AngyRboz34Jt2QLsHikHYz6MgCgyoue9z","51.81.215.8","AS16276","OVH SAS","Unknown","Unknown","0","0","3.0.14"
"vQWg5krJAibpafYj2nCNRZ6AZPcowEEtTRbAvQKXZ8m","51.81.43.229","AS16276","OVH SAS","Unknown","Unknown","0","0","3.0.14"
"FJseRfeSp7F9msQ6K7CEJcybSrGnTrDqR4XPrAgDfLqP","51.89.17.28","AS16276","OVH SAS","Unknown","Unknown","0","0","3.0.14"
"C1oww7McztoW7Z1DkP2aqH7raEZdWNqV7FWtRc33xTiw","141.95.48.149","AS16276","OVH SAS","Unknown","Unknown","0","0","3.0.14"
"5YeNvMv1kUV5uc7xJPLG5XDbEu2kSEd7wY9KNqd2KQBn","51.68.135.202","AS16276","OVH SAS","Unknown","Unknown","0","0","3.0.14"
"9KgV9NQmsHcAyZ9bmvsiCNaryNwpANYrWRBwHiYsyg2Y","51.195.128.242","AS16276","OVH SAS","Unknown","Unknown","0","0","3.0.14"
"8Z59RgUDaXpcVDx8xjPf2HPuJPKQuEunnuVfUyE6AV3N","51.222.169.171","AS16276","OVH SAS","Unknown","Unknown","0","0","3.0.14"
"3XcJ5Hoeditzvq8umCRhakMvJ6Lg5sVosW6B3wF4sRCb","51.81.137.244","AS16276","OVH SAS","Unknown","Unknown","0","0","3.0.14"
"EMzNifSUvjbACjLtJcJygmFAp7ksVFFGDPSC2HKyMiC7","51.222.171.79","AS16276","OVH SAS","Unknown","Unknown","0","0","3.0.14"
"FkJ5TYT6cpSaEG9f4rymd2fLZx6UNZPYwbqxZgeiijre","5.135.119.115","AS16276","OVH SAS","Unknown","Unknown","0","0","3.0.14"
"CNpsd3mjDKuBCZRNLcXpcrfu9MyfcVB7PedBoTvo4Nci","51.81.206.244","AS16276","OVH SAS","Unknown","Unknown","0","0","3.0.14"
"6oFkRdau1xDKCk7RTBKSYjmf3HYAH79sgX3XAzvrWjYj","57.128.229.40","AS16276","OVH SAS","Unknown","Unknown","0","0","3.0.14"
"9evXCLizKJxPVzSHhN8jB1wsH7SfgmbMaQcun18vTXrs","51.38.92.200","AS16276","OVH SAS","Unknown","Unknown","0","0","3.0.14"
"D1SmErRRZqqHKQe7kenYqdAZd2JtmGURgQQDH6WTgdYF","15.204.109.70","AS16276","OVH SAS","Unknown","Unknown","0","0","3.0.14"
"4QuhERVubGCMnD6gWwj7Y4oXVKFTpX7EBkLgrWqDvMgt","57.129.76.199","AS16276","OVH SAS","Unknown","Unknown","0","0","3.0.14"
"G2o2CdtXq955Ahac6JChDbbCeYHu5PpCCfEUpUBoFzFC","15.204.46.175","AS16276","OVH SAS","Unknown","Unknown","0","0","3.0.14"
"54yCHDVDHhKdca23zmLSitWsawQqGgeaZ9qNPPydm9iG","51.81.25.247","AS16276","OVH SAS","Unknown","Unknown","0","0","3.0.14"
"3QaiDRTfxTfHNsyLt1F6avVwvqTAwQnMLx763MzsRRgZ","57.129.97.77","AS16276","OVH SAS","Unknown","Unknown","0","0","3.0.10"
"DSknPmRdB8GEdcC5nR1qyr6JR68pAxQpTg7sRb9F2rBg","46.105.157.251","AS16276","OVH SAS","Unknown","Unknown","0","0","3.0.14"
"Dfwh6hRWPx6D3Z9wKi9odMme5MDXqfzoqzC4FaBZsTg8","51.222.171.25","AS16276","OVH SAS","Unknown","Unknown","0","0","3.0.14"
"A3sxu8FARBunXsRsinjBJL5Kn4kBDng3RU9oRcp146i","40.160.33.24","AS16276","OVH SAS","Unknown","Unknown","0","0","3.0.14"
"EH3WY8AnmSpPL5eDKDuXj2gLeUoX11EyKKPSjRAqokSV","162.19.136.211","AS16276","OVH SAS","Unknown","Unknown","0","0","3.0.14"
"BK2Sa1ZwshnF3aowBm9dA2uJC6NVT6KvfRzyVMu4iehk","72.251.3.182","AS16276","OVH SAS","Unknown","Unknown","0","0","3.1.8"
"7qszS2Y7y4Yi3Nx49tNXVHbqrUFXpmFHHiCybC5CB89g","145.239.233.181","AS16276","OVH SAS","Unknown","Unknown","0","0","3.0.14"
"59Vu5ekxe6hMFDMJpYnVYhk1YzhJFSdWCVhp1md3ZMws","5.135.192.209","AS16276","OVH SAS","Unknown","Unknown","0","0","3.0.14"
"WPo8BuUyxwCCxy8HyNCkNKyRnme1AmK8Psks85te9mL","51.81.232.227","AS16276","OVH SAS","Unknown","Unknown","0","0","3.0.14"
"D864KRzCawDkrtMr3zwZXiLbaRHP2TxX3odDoS2AqKNT","51.81.43.228","AS16276","OVH SAS","Unknown","Unknown","0","0","3.0.14"
"8Vg8FwBAWU44rFpwFJZuVccnybet1gZbvknRTaESsQKU","51.75.32.63","AS16276","OVH SAS","Unknown","Unknown","0","0","3.0.14"
"C9k8Sr27N47zG8o9D1236oSK1BhuGnkn42WzrUVnkLeh","51.89.19.254","AS16276","OVH SAS","Unknown","Unknown","0","0","3.0.14"
"2Ce1dmtdnvgDwD1MiZjP9wwGup6j8H7uXGuGMa9uZo5v","57.129.36.139","AS16276","OVH SAS","Unknown","Unknown","0","0","3.0.10"
"48yLAUzs5v1a28oKWHMJSGw73GcQASajAx9aisDe2ayv","141.94.157.153","AS16276","OVH SAS","Unknown","Unknown","0","0","3.0.14"
"3UwYupsjBYNNrSERpsXTJ8wkSG4wZvUuX2KYMYeMqcyn","51.81.42.231","AS16276","OVH SAS","Unknown","Unknown","0","0","3.0.14"
"GsLH1Q1XqdCfFDVHxp9dqjk8fMCMte4UXsNhVdEQUsWs","51.222.171.76","AS16276","OVH SAS","Unknown","Unknown","0","0","3.0.14"
"BCPtBakGknDu8p6PMNWKFLRXqhkBMjFfxFYzpF79fakJ","51.195.124.110","AS16276","OVH SAS","Unknown","Unknown","0","0","3.0.14"
"AAbwsh1F2efxCcf1wb5t6Gba53QfxXML2e9EVgZccDWv","57.129.76.96","AS16276","OVH SAS","Unknown","Unknown","0","0","3.0.10"
"CunrHuYjrHHH1Xq8JHpqz7YW3MKW41vTdsmadpVzw1CH","162.19.103.67","AS16276","OVH SAS","Unknown","Unknown","0","0","3.0.14"
"418E1hNEbVPAcWwvfcT84wxSkcEGq9F8UP2XMyw96Q4G","51.89.25.96","AS16276","OVH SAS","Unknown","Unknown","0","0","3.0.14"
"ysre75hw3YQH3V1KWLM4Sw542khhDcuCRBgtcGywSg7","57.129.87.72","AS16276","OVH SAS","Unknown","Unknown","0","0","3.0.13"
"DDhK7uHdY6BjvPTRfDWEnsatFq7h247TGKGLitbAm2B7","176.31.30.20","AS16276","OVH SAS","Unknown","Unknown","0","0","3.0.14"
"9D25GL4qa7JY2eSK7rWN2obgZXGdBQm4dhkVp46ugtib","51.38.95.152","AS16276","OVH SAS","Unknown","Unknown","0","0","3.0.14"
"FE975vMLPM61BukDAeraue7QHrG3TLpx4RUawbE7YV86","141.95.48.150","AS16276","OVH SAS","Unknown","Unknown","0","0","3.0.14"
"28ZiBCavWyNtXPjtp2vuoBisGG4aPyxmWoBBhE2NQ1gx","148.113.187.4","AS16276","OVH SAS","Unknown","Unknown","0","0","3.0.14"
"5Y7Znz69wF8vmDWHL79fwSAiUSKUBentGn9gdA8mbsfS","51.38.95.153","AS16276","OVH SAS","Unknown","Unknown","0","0","3.0.14"
"756bPco39G2WmMNYQaqwwoB5nAAGNzvkSmE7GQSsbmMs","51.89.17.30","AS16276","OVH SAS","Unknown","Unknown","0","0","3.0.14"
"Hkgo3UzNYGcyde5wjh61MWoknNWbPLUBkMd6FqHBGYyX","51.255.148.96","AS16276","OVH SAS","Unknown","Unknown","0","0","3.0.14"
"DH6CVXjwGGZY79ubcXDpNHdoTV5oGQcQj6hBBHz5bgTf","54.36.184.232","AS16276","OVH SAS","Unknown","Unknown","0","0","3.0.14"
"ApEszetRG1xY3VdW9eoUepjX4a3qGsxVjwgp4d4oTjfF","5.135.193.216","AS16276","OVH SAS","Unknown","Unknown","0","0","3.0.14"
"FQa79BEDt29H949aby8kcZEvzPN7gqUcYCXXkBKzzbjP","51.222.162.21","AS16276","OVH SAS","Unknown","Unknown","0","0","3.0.14"
"2Z2XjuQiEr5U1MRemgyeqhBAf8NjzCg4irikwdYFhhp4","176.31.67.95","AS16276","OVH SAS","Unknown","Unknown","0","0","3.0.14"
"FYuUP6uURw7sxruNk8Vxf2i3xdV77Cvd575DWPkFviDm","5.135.171.187","AS16276","OVH SAS","Unknown","Unknown","0","0","3.0.14"
"FjCPtqk2FP1Lq3aBGs7zLTirDHpSYHkHH47yS9oCe9dP","91.121.240.41","AS16276","OVH SAS","Unknown","Unknown","0","0","3.0.14"
"6iiaWdLPzNYX4EGvXzfn628emupUuqFLccfdkLQs2GfZ","5.135.171.252","AS16276","OVH SAS","Unknown","Unknown","0","0","3.0.14"
"5iRNyqFa3VhDa6eDErdmePBiKirEP4ithmGhy1KEHzUw","15.204.241.226","AS16276","OVH SAS","Unknown","Unknown","0","0","3.0.10"
"JDU88nvHzu9JBvcpwtEEAsUMKK9oSkwTytRa2CAi9icJ","5.135.196.123","AS16276","OVH SAS","Unknown","Unknown","0","0","3.0.14"
"EA4bcvWuBQxYf3HSYn5oiu6cqvNJNAksjYsHLrNjxWzX","15.235.67.254","AS16276","OVH SAS","Unknown","Unknown","0","0","3.0.12"
"8mmimB6U9r1g1TbV4Kox4jQFUoWtBD19B7kcqfYjFryg","15.204.109.63","AS16276","OVH SAS","Unknown","Unknown","0","0","3.0.14"
"7Arv5Gj56Cpjd5z5xcQ4Lmm2JW69EF9QZ2pX498UpH3o","15.235.219.22","AS16276","OVH SAS","Unknown","Unknown","0","0","3.0.14"
"BWesKrcjFC1QUPanSLJEKGNUeHiUWC5AqoWfkgxqzkX5","145.239.233.183","AS16276","OVH SAS","Unknown","Unknown","0","0","3.0.14"
"FqK1sRwrNjtc5iKTC6UY5icJ3RpMVUa4dKsye6tosuaD","162.19.136.112","AS16276","OVH SAS","Unknown","Unknown","0","0","3.0.14"
"222179PQ5LctyefGx25YUHD2LcmAntV8xC9oVSW2t4fD","57.128.189.203","AS16276","OVH SAS","Unknown","Unknown","0","0","3.0.14"
"5Vy3Sbr4vtNz5motwqgzjV4S34rFoAf4wLEe3sP4o44E","40.160.63.96","AS16276","OVH SAS","Unknown","Unknown","0","0","3.0.14"
"BZaKoLFyWmAxvVwU1a6fBkuG2gSax7pojLPvHTZAno7a","213.32.63.27","AS16276","OVH SAS","Unknown","Unknown","0","0","3.0.14"
"7Dw6VParAf6AdpLW1oiLy5gcn5eyDMVR7pHToxqFJUVn","135.125.166.236","AS16276","OVH SAS","Unknown","Unknown","0","0","3.0.14"
"7FATCBA4JMwsocg8acbonNZ3gybrLG5qQ7nbRdNJhpSp","15.204.36.194","AS16276","OVH SAS","Unknown","Unknown","0","0","3.0.14"
"81ebCgBq2r4MBYhDorB2NWeXehiwayJYaX4RWttXpFq4","51.81.171.1","AS16276","OVH SAS","Unknown","Unknown","0","0","3.0.14"
"HxMB4WYuM6gd8r7WjfDK89GjNMAS2dSCU3RdALTgvGqp","15.235.219.93","AS16276","OVH SAS","Unknown","Unknown","0","0","3.0.14"
"7tjyi6NSDabqZU7GwLwzdkh5JhbxmnTNu3CCSB3Yng3R","51.195.124.108","AS16276","OVH SAS","Unknown","Unknown","0","0","3.0.14"
"3rzUUJt6NwvfspvRLny5gMLJMYjdCBpwbMrSXEuoocuP","198.244.253.62","AS16276","OVH SAS","Unknown","Unknown","0","0","3.0.11"
"CQCNaVUQRVuqQqsVRd9iEcHyCYpjmyQ2iJS6eGNXYCax","51.81.182.82","AS16276","OVH SAS","Unknown","Unknown","0","0","3.0.14"
"5EX8PPH57JCN55v8QLsferPo9uSTZqK5CFPoE68rGPu9","5.135.174.158","AS16276","OVH SAS","Unknown","Unknown","0","0","3.0.14"
"HoFrnVGJSNBvZYdexSnA62BuS72Q5N8Li1JoyXJoyrvt","51.222.162.22","AS16276","OVH SAS","Unknown","Unknown","0","0","3.0.14"
"Ede2dTf8XTsEMCQ2f8r7q4DppevF2dB74387AVgeN65w","46.105.157.250","AS16276","OVH SAS","Unknown","Unknown","0","0","3.0.14"
"CgkdRuKfLyMEBaSpDSwesjsrZFtnvnbCyd6dvs2r5WdE","51.81.195.17","AS16276","OVH SAS","Unknown","Unknown","0","0","3.0.14"
"3uCw4qpubBBXutwogsRPENt3yPEG6SSim5HaK2ZU2J7o","57.129.144.117","AS16276","OVH SAS","Unknown","Unknown","0","0","3.0.14"
"HfY6iVWmPgLQScKWme1nLz86kTDdNrhjB3MMKC4PNHp4","151.80.89.217","AS16276","OVH SAS","Unknown","Unknown","0","0","3.0.14"
"9sqHdKZm7GGRqrVhF6YA5HAT7N76MtqyovjNjQS3SY6h","51.68.135.200","AS16276","OVH SAS","Unknown","Unknown","0","0","3.0.14"
"8SaLpVdCZovbxMgWX1RftV2k17Bh8fwLq6rtqNePH3yj","51.83.231.159","AS16276","OVH SAS","Unknown","Unknown","0","0","3.0.14"
"6fTXZPanbePJBson6pN5uP49L6FsXZpFtDdacG8BP35u","5.135.172.138","AS16276","OVH SAS","Unknown","Unknown","0","0","3.0.14"
"7BjNjNFHZsJ1sNjLqs1CbcUtDRVap1R4pHeCE2nhd4ju","51.81.190.3","AS16276","OVH SAS","Unknown","Unknown","0","0","3.0.14"
"3osKdm6Ho5KFg5tpQZGAxWzv9onCSbtugms9EGLisPgS","51.89.25.155","AS16276","OVH SAS","Unknown","Unknown","0","0","3.0.14"
"4FzSecAuVh4QwM45zGmcVey1hcbr9jY6d1dYR9cFUQ3z","51.83.231.156","AS16276","OVH SAS","Unknown","Unknown","0","0","3.0.14"
"ChFjtBb9KQj3N8pLPaiyZH2qzRrbUUEeCrawvZYYuiL2","151.80.89.219","AS16276","OVH SAS","Unknown","Unknown","0","0","3.0.14"
"A7HnsVEeCjRYeJZQxDJXirxVqsVdifVFH5vrCiPSL1k7","145.239.18.171","AS16276","OVH SAS","Unknown","Unknown","0","0","3.0.14"
"5NJFo1QYj2RCRY59YXykkdyA1iX7oTGda4jFpMrrWYcY","91.134.53.183","AS16276","OVH SAS","Unknown","Unknown","0","0","3.0.14"
"3FNc5Wr3WmaLwi4fo5f4YumZu4GpaDphyPa4z2zREqf9","51.89.25.154","AS16276","OVH SAS","Unknown","Unknown","0","0","3.0.14"
"dioHoKt87JcKNHs8Wtc9GTwKQeENoozEraXujWFFbp1","40.160.13.160","AS16276","OVH SAS","Unknown","Unknown","0","0","3.0.13"
"ECJP3R1EWHxNgdvuMwZK5U3JLVN4n3fEbVt1bz9GAXZn","5.39.106.29","AS16276","OVH SAS","Unknown","Unknown","0","0","3.0.14"
"9UkSb9wvnstNEUJj9wexfEMdLMkd8jSqBoBrKL8BPWHG","51.81.149.100","AS16276","OVH SAS","Unknown","Unknown","0","0","3.0.14"
"5mnM72zgAzWdS8MqNHuTEb7MGZX1WspAFjcd7DrZomTv","51.222.162.200","AS16276","OVH SAS","Unknown","Unknown","0","0","3.0.14"
"HMd3ZWDvLYsvoQ2bstmLEKaxwvpoN2HKer9zeSWpEDnv","51.222.162.210","AS16276","OVH SAS","Unknown","Unknown","0","0","3.0.14"
"4KNjsbKzp9PiNgbVZgEMmN9zxhR7n1SGA4Rt2ndNXig4","151.80.89.216","AS16276","OVH SAS","Unknown","Unknown","0","0","3.0.14"
"BgXje6D392DFsSuy7TFxh7NJ9n7Cr1HV4kXAGV6UAigP","148.113.187.72","AS16276","OVH SAS","Unknown","Unknown","0","0","3.0.13"
"49cNyFjnoBpbDrYvMdsKkznAJj1aaTZRv8BHrHsM9XcT","5.135.192.208","AS16276","OVH SAS","Unknown","Unknown","0","0","3.0.14"
"6NHtm8XzbwLmg9tdVRNwidWpqpGXwQph14ayEexbZLCx","51.195.26.47","AS16276","OVH SAS","Unknown","Unknown","0","0","3.0.14"
"4jqHjtYEy7qWot1dma3HStxwgNgnGRLazuiDGcBCY9JG","5.135.194.216","AS16276","OVH SAS","Unknown","Unknown","0","0","3.0.14"
"EVTkWzjnPFqmYxtC5QNz8kTRbSxsr8iCVbSm2u1s8fuy","51.222.169.168","AS16276","OVH SAS","Unknown","Unknown","0","0","3.0.14"
"4sNTKFnne4UvAK7AZ2YetxfKhnMnvx1aP3ArgvvfCbhY","51.81.27.84","AS16276","OVH SAS","Unknown","Unknown","0","0","3.0.14"
"HA6QMnuubJiSQiMsZk3RTEvd3gJAxV3SqA9J3NSR96eo","51.222.171.77","AS16276","OVH SAS","Unknown","Unknown","0","0","3.0.14"
"2aokuN1g6vkPBCukwiVuUtyJF4RouVhQTLG5MLkcprYj","51.68.222.126","AS16276","OVH SAS","Unknown","Unknown","0","0","3.0.14"
"2wqReJxKAN8XvY1AQvgmRmczt2kcXeNGk6vmsHSPiewe","5.135.173.85","AS16276","OVH SAS","Unknown","Unknown","0","0","3.0.14"
"5oBvjTPbfYKSTbw5dNsV31cb41UpZXPQhUUGvJwisEPq","5.135.119.112","AS16276","OVH SAS","Unknown","Unknown","0","0","3.0.14"
"w2aM9Q8uxukxnyzVuEhboPrAJ2RKXC91u3f8ZiDGEpb","145.239.161.175","AS16276","OVH SAS","Unknown","Unknown","0","0","3.0.14"
"AFNFMRP4o3EYyHp3ZGMi59tZzEwbDkC4V7bDUqVyk3KT","51.81.43.230","AS16276","OVH SAS","Unknown","Unknown","0","0","3.0.14"
"5BTC1rUGBFMcTeQtf1o9YwTeUByEiauN9H4rdobiryBg","51.81.30.137","AS16276","OVH SAS","Unknown","Unknown","0","0","3.0.14"
"8eBPxd8rEDSwUjKz48uReLtdzGcVQ1ziP7L4bqTvMHSB","54.36.192.205","AS16276","OVH SAS","Unknown","Unknown","0","0","3.0.14"
"7Et5ryiqYafQsTScvr6mJbETKHZ6jTwMyCCt2iUW3arN","162.19.103.17","AS16276","OVH SAS","Unknown","Unknown","0","0","3.0.14"
"Dbbcdt6S1QSvYLyZemWSt9uM1XDFR5xLHwrQy9Nt6HSY","57.129.84.191","AS16276","OVH SAS","Unknown","Unknown","0","0","3.0.14"
"CEMFYbTR5qMDcXXvdDwooCEFtjqhNfNpK486hwUvaTFk","51.255.148.99","AS16276","OVH SAS","Unknown","Unknown","0","0","3.0.14"
"5MqCpRuYrXWKbj6EQjL1zbtmDT4ec59faM6PpzE4Nb6q","198.244.135.123","AS16276","OVH SAS","Unknown","Unknown","0","0","3.0.14"
"5zVwpycedWLfbjZvdWgokmztLMNyv6M1vfAoGSU9d6yu","51.68.133.206","AS16276","OVH SAS","Unknown","Unknown","0","0","3.0.14"
"2JDFu3cvenzSw1jQ2YAfLV6dsZbRDA6ihuqqc6vorD5D","57.128.146.14","AS16276","OVH SAS","Unknown","Unknown","0","0","3.0.14"
"BL6sfmn9gW8WcRGR8Unar8EHPagJKK1i9bhfRJR3ssrn","51.222.162.202","AS16276","OVH SAS","Unknown","Unknown","0","0","3.0.14"
"3fVtsWaYd3oEd1L9QpE9JqKQs1nwabbUvDG5XgV2wdhj","51.81.190.2","AS16276","OVH SAS","Unknown","Unknown","0","0","3.0.14"
"3kYZu5z7HhWUptMyFaqH1fyCXpy8tsZV6afL9S7EULVM","5.135.196.157","AS16276","OVH SAS","Unknown","Unknown","0","0","3.0.14"
"A6q8636gVPZFHDj4kDUQVWArbQxwoymUkyrxAfV5nM3Z","79.137.101.98","AS16276","OVH SAS","Unknown","Unknown","0","0","3.1.7"
"4StTkSaKRiP1VZLJiSxAP8enpqnaDtaaismmGVDN8Ef9","51.81.232.195","AS16276","OVH SAS","Unknown","Unknown","0","0","3.0.14"
"2yRvMjR24mnkCkVTRHUrpJ3zxnfusbq31mTj1rJbUpLg","5.135.193.208","AS16276","OVH SAS","Unknown","Unknown","0","0","3.0.14"
"7crcg6vSBo58NmxsFjFbQ6ySYB945AwmycYqE1y3Uv3F","15.235.219.98","AS16276","OVH SAS","Unknown","Unknown","0","0","3.0.14"
"AmTD3D4PJRc4ayKkRW5R7zdPaFmNKuY5qown84nxDRy8","51.222.162.255","AS16276","OVH SAS","Unknown","Unknown","0","0","3.0.14"
"47QZ3AeWnYRSBsAdk4khwAtDvALYUnEJ3Kor1iRxfnix","15.235.117.196","AS16276","OVH SAS","Unknown","Unknown","0","0","3.0.14"
"8DLRAEscwb2v5Bkw8Uc1QxxM4vY1DL6aYnwQ5hB8hvUv","51.89.106.36","AS16276","OVH SAS","Unknown","Unknown","0","0","3.0.14"
"CBMAvF5cKdTAfgwsXFUiqwch5XffuxXaGm8yPnBofCto","51.75.32.15","AS16276","OVH SAS","Unknown","Unknown","0","0","3.0.14"
"7TX8t5Spxnco8bF2pM3EB5P9L7LyXyKztksn7RskokCQ","57.129.96.23","AS16276","OVH SAS","Unknown","Unknown","0","0","3.0.10"
"CPcahh2USv8uX2etz1LuQ5UojALFWxNfGxf3awMfV7YW","51.222.162.48","AS16276","OVH SAS","Unknown","Unknown","0","0","3.0.14"
"Dk1eAGC131acm1SGA8zgsjNWrb2e5pdhbBHnej66e5cA","51.81.39.157","AS16276","OVH SAS","Unknown","Unknown","0","0","3.0.14"
"ByZZt3FEmXc2zbHZu4xumYYdsCpiYWyV1UW6GUGuN3zH","40.160.33.1","AS16276","OVH SAS","Unknown","Unknown","0","0","3.0.14"
"bDgK4FES2WNGjvp2JLL7VLoQyZ3AZxCL6sZy9rSfGSi","51.68.135.203","AS16276","OVH SAS","Unknown","Unknown","0","0","3.0.14"
"FqeAkBYu9LDTCd39k2Lz5bpBC52RjvYwjNZCPtyRFsgG","51.195.26.44","AS16276","OVH SAS","Unknown","Unknown","0","0","3.0.14"
"3icve82hvXEquWEWg2sVKReFXSak2NVxaSTTjP44qKTs","15.235.236.119","AS16276","OVH SAS","Unknown","Unknown","0","0","3.0.14"
"9cmt3LpfB8RXsvVLk5EusfqWoc6RxHThcKcXhhxSbH2y","51.81.30.20","AS16276","OVH SAS","Unknown","Unknown","0","0","3.0.14"
"2HUwxt147VvUeFNYtMGEGbsELoDy8ZVFdgACXZnSb7s6","5.135.119.113","AS16276","OVH SAS","Unknown","Unknown","0","0","3.0.14"
"5SHFa6vWzbMRmTqTYr69XtvNuGYerEPrQV17jchZucQp","54.37.90.199","AS16276","OVH SAS","Unknown","Unknown","0","0","3.0.14"
"AC1nxmC7hB3KGPE26nfAKKMj2ZqhZ14yuQTcTK9HcNSE","54.37.140.69","AS16276","OVH SAS","Unknown","Unknown","0","0","3.0.14"
"7iwBCwQ4o5PSaMTCyBrjM2d56UT7bn1MUBHjEG3MjYJ7","5.135.193.192","AS16276","OVH SAS","Unknown","Unknown","0","0","3.0.14"
"7sUJ5WSWyeNfwooA1rSc5o7RECcSRgsRy3jkpdBqRxpU","51.75.164.183","AS16276","OVH SAS","Unknown","Unknown","0","0","3.0.14"
"3Kd2hfLBG7aBgxjK1bGTMWhxGU6zaXuP2bCwaxcY3AeR","15.204.101.120","AS16276","OVH SAS","Unknown","Unknown","0","0","3.0.14"
"CNZAJvGJCokXa1Y6QxLpmaV9M6zjgXTXw2PtKatFLLpM","51.38.67.29","AS16276","OVH SAS","Unknown","Unknown","0","0","3.0.14"
"J8MTUQ5XXKqohQCghCxjSKzGnWzjzcKQpFCeXrnrYZrr","51.81.26.32","AS16276","OVH SAS","Unknown","Unknown","0","0","3.0.14"
"WTLNpX9pSTUKH4SyoFhKQq3havuiWk7fA5pgoGkesvP","57.129.54.91","AS16276","OVH SAS","Unknown","Unknown","0","0","3.0.14"
"3ojCVxCqRdnC3c4daR7BwU7iZAvkCv1V8t7w3MN3qGvK","51.81.39.62","AS16276","OVH SAS","Unknown","Unknown","0","0","3.0.14"
"79wXFwQRBuRJnXqWYDBV11PzZxXwwthwpbBEGAC2bu6j","51.89.25.99","AS16276","OVH SAS","Unknown","Unknown","0","0","3.0.14"
"RJo3TyXKgHfJeeqbN2YUK5YCLX8TXg8c8RYF9yKKkNe","5.135.243.151","AS16276","OVH SAS","Unknown","Unknown","0","0","3.0.14"
"6DkYNjmsDrPQ4jz8maJurSmzWPWRqV9uRqg7RtfNDnRB","51.81.140.31","AS16276","OVH SAS","Unknown","Unknown","0","0","3.0.14"
"9QpRBLvseoijWLJqBU4wB5qzEVjQSY5jJ8fSYHzR1itv","51.222.169.169","AS16276","OVH SAS","Unknown","Unknown","0","0","3.0.14"
"GrgK1LKbTxiy3x1wpJc7QYw74KM38yoVDJctPJtE9go2","51.77.102.100","AS16276","OVH SAS","Unknown","Unknown","0","0","3.0.14"
"5Y322rGfQethoJV2Gfg51TESr3kXCpT2JGkngDzHT5RN","51.68.135.61","AS16276","OVH SAS","Unknown","Unknown","0","0","3.0.14"
"BSqZXe7Fc5pUGY7UUk9N82x7D1s8tuLPAsgnauRpHg9k","137.74.50.1","AS16276","OVH SAS","Unknown","Unknown","0","0","3.0.14"
"6gehL5DYoCvL8WBjCXkX5YvPKK9hwF1gFRPtCEFybicR","5.135.193.157","AS16276","OVH SAS","Unknown","Unknown","0","0","3.0.14"
"DXbrK3Cd8G9bTMijyxJYLcc6NAnwAgZy3geMT3iEcfje","57.130.9.245","AS16276","OVH SAS","Unknown","Unknown","0","0","3.0.14"
"AtWxrB9xgGhQuMkJaZsoGdVmRLuGdUFHnTSUBHgSGGEh","51.89.18.34","AS16276","OVH SAS","Unknown","Unknown","0","0","3.0.14"
"HP6AWSr9W5Am4HNaxyBfwSHfkEXehZ4q1evFSLSzeuAm","5.135.116.68","AS16276","OVH SAS","Unknown","Unknown","0","0","3.0.14"
"junkfJ9FY3j6BqRuTj8L32FZ14SMyqUL6ja1LATsyUd","141.94.154.205","AS16276","OVH SAS","Unknown","Unknown","0","0","3.0.14"
"3PE6pj8aNptknKYGZd2GYgbkrFsyPGBwPu551KTUBpD4","15.235.226.105","AS16276","OVH SAS","Unknown","Unknown","0","0","3.0.0"
"7cLbat6bv4hves631yCcAXm1mej4gUMej7P8scsCnw6k","213.32.63.24","AS16276","OVH SAS","Unknown","Unknown","0","0","3.0.14"
"BviLuPjRcVrKhWxVpT5rpgtnnHqJzueyisPuXWpsCbqZ","51.68.133.49","AS16276","OVH SAS","Unknown","Unknown","0","0","3.0.14"
"FBKgaZHXbt1gNVMMrqjbFJM7bGEQarmV4vqKQqKvqdRK","15.235.228.254","AS16276","OVH SAS","Unknown","Unknown","0","0","3.0.13"
"BTXajxPm8y3p4MT9imfUWYesiaFnDVLaFz7pv9cK7Vc4","51.75.32.26","AS16276","OVH SAS","Unknown","Unknown","0","0","3.0.14"
"6YWjdH5YkXVkkd4HMekcW6Ah4bNNAAdBXmNRNwLeSZKt","162.19.112.132","AS16276","OVH SAS","Unknown","Unknown","0","0","3.0.14"
"832uVnt6t3kxCzCs2XAXAqDAcoAbynHpquPMa4NLrvZ1","72.251.11.45","AS16276","OVH SAS","Unknown","Unknown","0","0","0.808.30014"
"4fpUfTQHLnbjLhrAofdTr6SbKzsdP2iBRd6ciQScHiBm","141.94.154.193","AS16276","OVH SAS","Unknown","Unknown","0","0","3.0.14"
"73k5zJA1RdVST4Ku1wiayMYQ3EsWAK8CLmBJU2q3YrVR","51.75.32.62","AS16276","OVH SAS","Unknown","Unknown","0","0","3.0.14"
"72iAF76FQJc3NntGZRBNKe4usFDtboNNbZcZquW8jK7g","5.135.168.162","AS16276","OVH SAS","Unknown","Unknown","0","0","3.0.14"
"GuR7kfpYQBjLSDjtfd6V3bUyjf6zc8zMXGc5zwbFozQF","51.81.207.3","AS16276","OVH SAS","Unknown","Unknown","0","0","3.0.14"
"Hri4dvuQLsQ6zyFeJyhcFYPEUbqG8YpWhRn8uqM8jrsa","5.135.126.172","AS16276","OVH SAS","Unknown","Unknown","0","0","3.0.14"
"6jF1qKtZtV4nnfYHub6biofsrSkr4F1f67SirYe9fUvh","51.81.30.136","AS16276","OVH SAS","Unknown","Unknown","0","0","3.0.14"
"BNefugYZEPowcXXodQpAvUK9azFD3jkVUHV7vqJMfqeL","51.68.135.63","AS16276","OVH SAS","Unknown","Unknown","0","0","3.0.14"
"5VksVfTuSj2qczEGD2tF49RAs9Khpvf5ENvFLJ596nVg","15.204.3.174","AS16276","OVH SAS","Unknown","Unknown","0","0","3.0.14"
"8vrhkGmbRRq1TUxdkNwM8tJSMsDBFvtk6a7tsjBYBdrb","51.81.195.42","AS16276","OVH SAS","Unknown","Unknown","0","0","3.0.14"
"J9fDR8djXU8qJ73UdkZxAycDrgeD8H4Ed944UDSPRYTW","51.81.25.244","AS16276","OVH SAS","Unknown","Unknown","0","0","3.0.14"
"BvJkQmF6wo94DhoRKR1tVfizX48JKfxbDHyJMA7Yw9Fy","57.129.87.106","AS16276","OVH SAS","Unknown","Unknown","0","0","3.0.14"
"FvGzzaZNi99qfVUfVWTq2KNpaHnUVhRvsbuzJSQ6Evvy","51.75.32.13","AS16276","OVH SAS","Unknown","Unknown","0","0","3.0.14"
"Dk3sPRyo6kLNeCQz7pVYkGjZHf1wXVC61R48kB8T8PBY","51.38.92.201","AS16276","OVH SAS","Unknown","Unknown","0","0","3.0.14"
"5qpjJQjMpLpdUaczu8CJidga1eoBeh9d6vzzuQVzDwAN","15.204.3.166","AS16276","OVH SAS","Unknown","Unknown","0","0","3.0.14"
"3zL2JQATKMTh5LSNzmStrj7YGQ2ajFnbMcBrbA6uviD6","5.135.172.137","AS16276","OVH SAS","Unknown","Unknown","0","0","3.0.14"
"EgSUEkHmQcTLpnHevRHwEMbULrZLYejSQnynVtFhA5y9","51.81.193.145","AS16276","OVH SAS","Unknown","Unknown","0","0","3.0.14"
"F6pYnGbwiphouvn1PXFJmWcSyVgqq5R19uZSoxHoox2N","135.125.166.239","AS16276","OVH SAS","Unknown","Unknown","0","0","3.0.14"
"4rXeZcuuMPTVgJdyAYuwqVe9UUfAWxQ3kAcQ5iWoxE5N","54.37.114.162","AS16276","OVH SAS","Unknown","Unknown","0","0","3.0.14"
"2RzvUw1fZLAy9vmiy51qMt8zmTgRxVxjTXfE4CC6QqCq","57.129.88.29","AS16276","OVH SAS","Unknown","Unknown","0","0","3.0.14"
"41eVWcqfpE8YMEj11jd1auic99xJ3iSea7RgroCrGWq4","40.160.51.124","AS16276","OVH SAS","Unknown","Unknown","0","0","3.0.14"
"ABMWFsK5ZBRnXrT2RD4sGsWSf3N36RuEjaemcuE5MchG","162.19.167.137","AS16276","OVH SAS","Unknown","Unknown","0","0","3.0.14"
"wi23gKP9qGSKmbJb318XyhJnGV8rrjhxyqhdfwJ4jXA","51.195.26.46","AS16276","OVH SAS","Unknown","Unknown","0","0","3.0.14"
"BsCCUJxsjfiQ2BveKePczdTgBUnmax6eoqoFVYyRjZHy","176.31.67.92","AS16276","OVH SAS","Unknown","Unknown","0","0","3.0.14"
"AhWWqEkGQz25swfUwSgN5jG4FQpNfWNDa16Qcsbi7uDh","5.135.193.194","AS16276","OVH SAS","Unknown","Unknown","0","0","3.0.14"
"B7zomQSspfhbEEvCy8kLQ7MRzjKBDCxtZWyE9mZVkZEA","176.31.67.94","AS16276","OVH SAS","Unknown","Unknown","0","0","3.0.14"
"BDU4MkwgHxfoULxir4W3MVwRVGWpDtqP2rK6kvng2hqY","15.204.20.194","AS16276","OVH SAS","Unknown","Unknown","0","0","3.0.14"
"51FtFiJ7JHatZ6GbqFYr8hUBL6CBx1vCLjDH8vS2mA67","51.81.162.27","AS16276","OVH SAS","Unknown","Unknown","0","0","3.0.14"
"Bo6LfxEcHEjpE7rjti3XcWki8dAqVf5c7KWUtahrCbvE","40.160.24.11","AS16276","OVH SAS","Unknown","Unknown","0","0","3.0.9"
"3dN7gEVL2esyoq8qhz8efuukbQxyFpzzEaeVyEhA5WGU","54.37.114.163","AS16276","OVH SAS","Unknown","Unknown","0","0","3.0.14"
"DbvWiKBnvweFJy6dq9KFJ11GYEQMrHRq8ynG21EMPASg","51.89.24.64","AS16276","OVH SAS","Unknown","Unknown","0","0","3.0.14"
"FvG54jiaQeKV5MBTNzXzbtSgmuGB9gnE32hkvYx4PSj6","51.81.182.220","AS16276","OVH SAS","Unknown","Unknown","0","0","3.0.14"
"s9UUo59QLFeCSqQRYum2cyGzeZPg7CsfYbkekcMwY3Y","51.89.161.226","AS16276","OVH SAS","Unknown","Unknown","0","0","3.0.14"
"NKNfqU7syZHt9fnNWNDugmhw1Tq1riU5ZD521wzY9Ld","51.222.162.209","AS16276","OVH SAS","Unknown","Unknown","0","0","3.0.14"
"78epK13Lmvw1WijWFmjpyxCUeWkUiwoJ4yvLNvsaKEr8","54.37.140.70","AS16276","OVH SAS","Unknown","Unknown","0","0","3.0.14"
"Cd78WLHcSGwaxEWQgBdVPKGR7GRBGHCy3bTa2Pyzu8ir","5.39.106.30","AS16276","OVH SAS","Unknown","Unknown","0","0","3.0.14"
"6N2fPBtxrTEWK8X586iAVJDBBvc8WuSUTfLt4FHbmpca","51.38.85.17","AS16276","OVH SAS","Unknown","Unknown","0","0","3.0.14"
"CuGxac7w56FkPY3eV2QbLy6UfV4fk4YajGKWuPEK63ip","51.68.192.0","AS16276","OVH SAS","Unknown","Unknown","0","0","3.0.14"
"E6pHCKf3xW3mKosSnH1VY72MWKg3yVFKeQK9iryA4gyL","51.81.26.35","AS16276","OVH SAS","Unknown","Unknown","0","0","3.0.14"
"BRQQmDg4JEZHyHJJYBGo3dMYG1y1kiwt3onyggLz3qSc","5.135.124.16","AS16276","OVH SAS","Unknown","Unknown","0","0","3.0.14"
"6JDHVUcE9QUgsNQizATttoCf9YmY1eL9J9yNzznArM2","15.204.47.217","AS16276","OVH SAS","Unknown","Unknown","0","0","3.0.9"
"3mFedMnHKUBj7jQL9WzPQR7WkCmjguEBtQXt6i4ChHDW","51.81.162.25","AS16276","OVH SAS","Unknown","Unknown","0","0","3.0.14"
"2UWDFZkNXLwott4YshW5ak9uBWxMtk9yKoCAQbjH2Qgp","51.81.250.85","AS16276","OVH SAS","Unknown","Unknown","0","0","3.0.14"
"Yrht2rfGy4WUDSvVn9fSKG5hb76LCE4xGcfDZSAWmy3","51.89.18.32","AS16276","OVH SAS","Unknown","Unknown","0","0","3.0.14"
"BRrQ17RTFku6NqhSXMK4KQAA2jeo6c1r4eRcurXSDFhx","148.113.218.137","AS16276","OVH SAS","Unknown","Unknown","0","0","4.0.0"
"G7Vt9JsbkHJUJ2QWXQGX8Zt5Q9dnzMXsWrmNPDBsMfY4","57.129.87.98","AS16276","OVH SAS","Unknown","Unknown","0","0","3.0.10"
"9S6QbX4HkgTKsHv4juz8aTNp7w4iLbQ9G8A8LhUpEruh","151.80.89.218","AS16276","OVH SAS","Unknown","Unknown","0","0","3.0.14"
"6ZUFd2MHwdVNsyHgVvacxLMdUmnWxkEqCTAKv6spLaSM","5.39.106.31","AS16276","OVH SAS","Unknown","Unknown","0","0","3.0.14"
"CiJcBMkkbRTxizYUUBDMgZz84hXWSx5k69TUPq19L7Pi","51.68.149.247","AS16276","OVH SAS","Unknown","Unknown","0","0","3.0.14"
"36MEjd5PbPYExCCZdHT5jTgs3ZtCTHVrC1EbMAwAj7jU","5.135.174.156","AS16276","OVH SAS","Unknown","Unknown","0","0","3.0.14"
"CstP2LuDZ7G2YrUysxz84NTLmEZt72VYhv1rZVLCNVhC","51.89.25.98","AS16276","OVH SAS","Unknown","Unknown","0","0","3.0.14"
"BZbakpeN5TG9vVken8acpQFn3j8nK6yXh6v8MgmwXk7F","54.36.227.239","AS16276","OVH SAS","Unknown","Unknown","0","0","3.0.14"
"DnJDcGkBhxc9vxKcjAfRmETAjNURdnR2S3icukpVeVSu","198.244.135.121","AS16276","OVH SAS","Unknown","Unknown","0","0","3.0.14"
"A4Jvq8KfBoH4TGCcnSW65XQ2Bgz85Aqoi8JmC71kR1ZP","198.244.253.205","AS16276","OVH SAS","Unknown","Unknown","0","0","0.808.30014"
"C1xZapa8ULkASpK1xv5aViRXs8QrEcXr9njit2ZBWngV","178.32.184.116","AS16276","OVH SAS","Unknown","Unknown","0","0","3.0.14"
"DjLkiQGeDwnbVo7sruMu1iQSzkA2iJFaRDY2U2aVFniu","51.81.137.184","AS16276","OVH SAS","Unknown","Unknown","0","0","3.0.14"
"5odNThBPA2DyqiTbPLNdG2qZ2Mx8W6j6omwMefG3w8vR","51.81.42.235","AS16276","OVH SAS","Unknown","Unknown","0","0","3.0.14"
"HYvcEfoPGU8H1Ksf3F5hkWbBe1UvBBQEdqS9Y8KtqWQq","51.81.26.45","AS16276","OVH SAS","Unknown","Unknown","0","0","3.0.14"
"8Rg2yNj8N24p5zpiH7sTBGwK5yJJ6ZvnHFUY4s51EnPu","135.125.166.238","AS16276","OVH SAS","Unknown","Unknown","0","0","3.0.14"
"5rt8WFRwxx7H6aPT1Vefo5S2sM7mggFqCRTbjb672rFA","51.81.27.86","AS16276","OVH SAS","Unknown","Unknown","0","0","3.0.14"
"FxbZiuDNN5V7dECh2cPDC7KzZFEdbm4S7jsBBmVr77EL","51.38.76.205","AS16276","OVH SAS","Unknown","Unknown","0","0","3.0.14"
"HS7JxB4XHxnuAnzdzuJbC1FPfXQnh1TbqSxi4ofVNGrc","51.81.42.232","AS16276","OVH SAS","Unknown","Unknown","0","0","3.0.14"
"FftiDUVcxszHXPzXyjMnLuvXbxBqyGmFE7buZWWHbNvd","51.222.146.138","AS16276","OVH SAS","Unknown","Unknown","0","0","3.0.14"
"9XuUuMmYQvvSLdtoVirdrn9SSKrE4dkQbQEhCEVCsr8r","51.222.162.51","AS16276","OVH SAS","Unknown","Unknown","0","0","3.0.14"
"5v3psY3pXmQf1znpMqj8GoAqTLpx25T1iQqntUP2Ee4w","5.135.116.70","AS16276","OVH SAS","Unknown","Unknown","0","0","3.0.14"
"6QMAJjSf3LsQJ2HTwicCFCtmZzkEV8yVat6kgUuhuDWv","46.105.157.249","AS16276","OVH SAS","Unknown","Unknown","0","0","3.0.14"
"C1c4VMvCzvu2BS3oimMT2bjjtJFpUA1YQLggM2xu4xiu","146.59.118.159","AS16276","OVH SAS","Unknown","Unknown","0","0","3.0.14"
"CcgHB6cnnTiku8Nokkr7vtfo1o9mmyuo7Qw54ALL3fVi","51.68.149.245","AS16276","OVH SAS","Unknown","Unknown","0","0","3.0.14"
"GK9m3wXKTStoNssY4HaiREkfz6btcosV8RxmJSZr4w8H","91.121.240.42","AS16276","OVH SAS","Unknown","Unknown","0","0","3.0.14"
"66BMjbkyXiJjafpaH8jdBq5WHEhay8p6AecFxW8NTpWN","51.81.137.176","AS16276","OVH SAS","Unknown","Unknown","0","0","3.0.14"
"9A1uMHL2czhXhpgiaFEVXmvyTVToxt35RQbS1bAHQ7P","213.32.63.26","AS16276","OVH SAS","Unknown","Unknown","0","0","3.0.14"
"3qmL6zeRuei6m7LfPrYUvcMfMdLF1X57xE4f3mo3RMHS","51.68.133.205","AS16276","OVH SAS","Unknown","Unknown","0","0","3.0.14"
"6FiZAsaXEd3GPg2WMeqDEksG2sjGoQtRBzKGPXyDXPk7","51.81.149.102","AS16276","OVH SAS","Unknown","Unknown","0","0","3.0.14"
"G52biTtJSELN7gqAyheXkRKEnxrn87hPdyLnj7WFf2uj","162.19.103.236","AS16276","OVH SAS","Unknown","Unknown","0","0","3.0.13"
"CJgH3S3UJGKoT43eva51uH2cCqLAtJCrQA2CfMeaYYjX","51.81.25.227","AS16276","OVH SAS","Unknown","Unknown","0","0","3.0.14"
"3Bhm7t9TC5RDaTXW4dtNC4NuQwupjtg6AQiQuicjwBQt","51.81.193.144","AS16276","OVH SAS","Unknown","Unknown","0","0","3.0.14"
"7fVcSv1bVwZxVYJj7wRdDFvnj683LxAC9Rdmmb2mmV8S","51.89.25.41","AS16276","OVH SAS","Unknown","Unknown","0","0","3.0.14"
"J5URvJ9g1m7fBRLsWzb6bk8xg1jsBJ1bm3WTnCCMU8AB","148.113.199.40","AS16276","OVH SAS","Unknown","Unknown","0","0","3.0.12"
"64pP1sgqwJc1SHxBBUbSAMzUmkRgb84Ak7KjDakXpKPw","15.235.225.141","AS16276","OVH SAS","Unknown","Unknown","0","0","3.0.14"
"FsoNWACBwgnP3cG4heYrt521krRJy4Jau12PBxEJY1wX","15.204.20.166","AS16276","OVH SAS","Unknown","Unknown","0","0","3.0.14"
"5Tum72SFmoinV4rVBZwLwuoXvnkxYx4LB5mQrDMxmDsN","46.105.157.248","AS16276","OVH SAS","Unknown","Unknown","0","0","3.0.14"
"7iPoS8ghUoJNUGumfdTWR8oRoJ1q1RLPG8Wb7cP6TS4t","54.36.192.204","AS16276","OVH SAS","Unknown","Unknown","0","0","3.0.14"
"C5exXTcA9zNXKUynWM73NETs4jegcwfPpzG5js3R4N6M","51.81.26.44","AS16276","OVH SAS","Unknown","Unknown","0","0","3.0.14"
"7Uu4yZCrpTNZsLC6usUMohFT3KexU2E2QPHyyh6iSf9y","51.81.171.3","AS16276","OVH SAS","Unknown","Unknown","0","0","3.0.14"
"FjYQuYmPkr4WFfZTrJG4Dr6cbhCPFxgtcJm95WH1YCKZ","51.222.162.49","AS16276","OVH SAS","Unknown","Unknown","0","0","3.0.14"
"EhEMjPeSpWkkYiKYwSXjyphwkzsgzVBefdvUK6SkcRi","51.81.229.143","AS16276","OVH SAS","Unknown","Unknown","0","0","3.0.14"
"FsxqKK7LEQhgcxJoHXrp1koDHBodf4LWos2qZAggCJtu","51.222.162.211","AS16276","OVH SAS","Unknown","Unknown","0","0","3.0.14"
"CuTcaoV9qcXRwC7tv8g252tE649BrqfXcuwtTmJ2qhrS","51.77.102.102","AS16276","OVH SAS","Unknown","Unknown","0","0","3.0.14"
"63FUJB4TTUpuzVyK1k2VNdryLwbcVNwnbUAzAt1vZdXM","5.135.193.211","AS16276","OVH SAS","Unknown","Unknown","0","0","3.0.14"
"57TVEFtrRphheAntuAXF93nXFuP2Sjv2krHw2Zchv2eD","51.81.28.193","AS16276","OVH SAS","Unknown","Unknown","0","0","3.0.14"
"5V5eiZX29Sa83xhsYfwctRtvRqCgnaegmSyZoYA8n3he","51.83.231.157","AS16276","OVH SAS","Unknown","Unknown","0","0","3.0.14"
"f56Kzw3dJtfd3Z8VZygZaPtU2m2yqNyz3xQGKnQmEhb","51.222.146.245","AS16276","OVH SAS","Unknown","Unknown","0","0","3.0.14"
"7NsBUFu3XFHaLbawr1NEZaUxfbAwpeVWWecfhua2tv9h","51.38.85.18","AS16276","OVH SAS","Unknown","Unknown","0","0","3.0.14"
"85pDpQmmhbW9pxtCjvowPieXeEWzViAWbmj51td7nU7j","51.222.146.247","AS16276","OVH SAS","Unknown","Unknown","0","0","3.0.14"
"BKRRTHMkgBPj59FUgsphSFiLhFBV9To8D9EZBPyYcNrH","15.204.36.193","AS16276","OVH SAS","Unknown","Unknown","0","0","3.0.14"
"6PCCqC3FZrkEQozeZt3pzxrnVi7pHkKpY7KrH6hS9uF","5.135.192.210","AS16276","OVH SAS","Unknown","Unknown","0","0","3.0.14"
"RqMWyXNUUYboa5VQ8xo8JSgBnRcr9PWSFhn5mNpTSWG","5.135.174.17","AS16276","OVH SAS","Unknown","Unknown","0","0","3.0.14"
"FjGhV5VkbCvwqWtozGQqooTyLpc3vrMJ6ijPtcPB51mr","51.89.161.225","AS16276","OVH SAS","Unknown","Unknown","0","0","3.0.14"
"BmhcZcNhLfjmTX1xmTkuwF1uVs6MCQY8K4HzUanGBguj","51.68.222.125","AS16276","OVH SAS","Unknown","Unknown","0","0","3.0.14"
"4LRdtNCqzctYigHK6VepV5xrENubtFjVj3LkUpBtsr87","51.38.67.31","AS16276","OVH SAS","Unknown","Unknown","0","0","3.0.14"
"8uCFiPLmhpyqqCQcX8C6RtmW3zLCk67zQCCfBwzZw9Mz","51.222.169.170","AS16276","OVH SAS","Unknown","Unknown","0","0","3.0.14"
"Ba8cK1kofbF7p6qHGVqaNjcfZvzavYiwEaepPmbioCCh","5.135.116.71","AS16276","OVH SAS","Unknown","Unknown","0","0","3.0.14"
"6HYzUAQUK5tsQ5gE3LMEDVkYyXAjJ4d2wAjdDBKLctUV","51.38.95.154","AS16276","OVH SAS","Unknown","Unknown","0","0","3.0.14"
"8gxnybck9HDSgThrsRgUxDTAuzG115yd9TYQSm3tDskC","51.81.149.103","AS16276","OVH SAS","Unknown","Unknown","0","0","3.0.14"
"3q2zEYgUxdNqotdixLY5dyeMJnmS9g4qK6ioqVxrZ9rJ","51.38.85.19","AS16276","OVH SAS","Unknown","Unknown","0","0","3.0.14"
"H6o9Ai8utiJ26A4wAY5pUpqAL7Es97mkgSxJSiyC9SRh","141.95.45.85","AS16276","OVH SAS","Unknown","Unknown","0","0","3.0.14"
"7MhvZHuDDmVnh5Ez5WjvUWbi3YsMnWwp9csTQk66Xcr1","51.81.214.70","AS16276","OVH SAS","Unknown","Unknown","0","0","3.0.14"
"BaQJMiWRY84qpKktsvVUidspC7ogVEazs2b7oo5LYVLK","51.81.207.1","AS16276","OVH SAS","Unknown","Unknown","0","0","3.0.14"
"9Uesty69DUi2xi3qDHgq9BaxKj4fvfMPEzvy4PkFvS5b","57.128.146.13","AS16276","OVH SAS","Unknown","Unknown","0","0","3.0.14"
"2gJ5Wj3HXgvjSrSWN9w8c9AJFxsvqJqqH5co3UT4Sv8Y","51.89.15.49","AS16276","OVH SAS","Unknown","Unknown","0","0","3.0.14"
"3ptVe4BsMxkksM7LCwxNs1k1EJ11WxXdiXC4BnpQzAKj","15.204.101.16","AS16276","OVH SAS","Unknown","Unknown","0","0","3.0.14"
"7ygohgSvf5yiaz44S9r8mitMkf1fP13wXm57njtbEV4d","51.68.202.158","AS16276","OVH SAS","Unknown","Unknown","0","0","3.0.14"
"4YoPXmjRiDoEYLLukeyLLyqVPGE5E9cB2WFatseUjzrT","5.135.196.120","AS16276","OVH SAS","Unknown","Unknown","0","0","3.0.14"
"9sgkVUNPzE3f9r64SrW17PKeC3mpMwNPxJsiS77ssRk7","15.204.107.38","AS16276","OVH SAS","Unknown","Unknown","0","0","3.0.13"
"7YxTtEZADv2LD3oWF3BGqf3UVShxkwu7yxRT19vMoq5m","51.89.106.38","AS16276","OVH SAS","Unknown","Unknown","0","0","3.0.14"
"6ZgWPGk2x2nY8nGsDqLhU4zj9BKFR6zoVy1hQsqiCxZg","51.89.25.69","AS16276","OVH SAS","Unknown","Unknown","0","0","3.0.14"
"EY4NkdZH8cjhPPfhAiGBvGjLBCqa2x3FQdQ3kkAUBa7b","57.129.84.228","AS16276","OVH SAS","Unknown","Unknown","0","0","3.1.0"
"8Z9iWCyNerDj5XAXChZjADsLQQBnFbSsH4N2aLaGYBDW","15.204.46.163","AS16276","OVH SAS","Unknown","Unknown","0","0","3.0.14"
"2XkZgxpaHMAGYfgRgpx3oj4NkMXtLTJtRWJ5UjFrN5in","51.81.171.0","AS16276","OVH SAS","Unknown","Unknown","0","0","3.0.14"
"6ksydNY6yRP5pMfKpZdcqCbqq8HdjTTu9VRKMoPtDdkW","51.222.167.154","AS16276","OVH SAS","Unknown","Unknown","0","0","3.0.14"
"CpkJkkjqSJevZVj44aCYTP4hDoxS7CJCMBYinAhtf2vw","162.19.43.165","AS16276","OVH SAS","Unknown","Unknown","0","0","3.1.7"
"6Cg5nmmsStZGyAycUjtXQF9E4wTUZeiArerBeRgWnsqb","15.204.241.61","AS16276","OVH SAS","Unknown","Unknown","0","0","3.0.10"
"fhcTkyPs6msdPr7ZyBRCkDQ6vhrCqjnSB6CWS8NiX5w","40.160.32.79","AS16276","OVH SAS","Unknown","Unknown","0","0","3.0.14"
"Bwj6PDzUJ87QbG1UyFCMBdpKCPJ5XSU8S5nBRqUYz3qs","51.222.162.253","AS16276","OVH SAS","Unknown","Unknown","0","0","3.0.14"
"d1gBHKGkdpHRZpTQZ3xVn8hRz9hSuwFQTGutdYbeuy4","57.129.36.136","AS16276","OVH SAS","Unknown","Unknown","0","0","3.0.9"
"F7KujxR2D5SPVj7QLJF7riGuu4REYA2bQPMFNsLD1Vfc","51.89.18.35","AS16276","OVH SAS","Unknown","Unknown","0","0","3.0.14"
"5NLod6i1sNCXFZ5arrsH1PjpZZWDNomd1WLCyHdmpyVd","57.129.84.197","AS16276","OVH SAS","Unknown","Unknown","0","0","3.0.14"
"AdvQdqVd7z3Gab2TD4L6XMnQDSh3fcxKaeKSoBaD63Lb","51.89.19.253","AS16276","OVH SAS","Unknown","Unknown","0","0","3.0.14"
"5Uy34XuP1pQLB1GUnvCnkhGew1wyfdNDRg5Borak8M1n","51.89.25.97","AS16276","OVH SAS","Unknown","Unknown","0","0","3.0.14"
"G59qtSSUnSwDwdJdU7QZLC7z9FMXtYJkmngEzAGoMSnU","5.135.196.158","AS16276","OVH SAS","Unknown","Unknown","0","0","3.0.14"
"3P6RgRg1XUbJbbfVNjqmDMzadNB8TpaZj2hF8A5JAMF3","51.75.164.180","AS16276","OVH SAS","Unknown","Unknown","0","0","3.0.14"
"5UuT2bnMQ9cFZVQyuyzZxCGrMyEr8KB9bpTVSN8kWJ5z","147.135.102.201","AS16276","OVH SAS","Unknown","Unknown","0","0","3.0.14"
"5aCSzMrDfCpv5nBcvoxjcMr7bCLVb4VYPNRcfV5Mz1Xg","51.68.133.48","AS16276","OVH SAS","Unknown","Unknown","0","0","3.0.14"